text,spam,hate,scam,political,violence,sectarian,adult,drugs,harass,misinfo
هلق بس عرض حصري! خصم 70% عكل الموبايلات لتاريخ نهاية الشهر، فوت عالرابط,1,0,0,0,0,0,0,0,0,0
ولك صار عندك فرصة تربح آيفون جديد، بس عبي بياناتك هون,1,0,0,0,0,0,0,0,0,0
عرض الجمعة: اشتري واحد خود تنين عكل منتجات المتجر، ما تفوت الفرصة,1,0,0,0,0,0,0,0,0,0
بدك تخسر وزنك بأسبوع؟ منتجنا الجديد رح يغير حياتك، اطلب هلق,1,0,0,0,0,0,0,0,0,0
كل خدمات التنظيف للبيوت والشركات بأرخص الأسعار، اتصل فينا,1,0,0,0,0,0,0,0,0,0
دورة انكليزي مجانية لأول 50 شخص بيسجلوا، احجز مكانك هلق,1,0,0,0,0,0,0,0,0,0
وصلنا أحدث موديلات الكنب والموبيليا، زورو المعرض بالمزة,1,0,0,0,0,0,0,0,0,0
عرض خاص عالانترنت المنزلي، سرعة خرافية بنص السعر، اشترك اليوم,1,0,0,0,0,0,0,0,0,0
تبي قرض سريع بدون كفيل؟ منوافق بنفس اليوم، تواصل معنا,1,0,0,0,0,0,0,0,0,0
رح يكون في تخفيضات هائلة بمحلنا بكرا، تعو بكير قبل ما يخلص,1,0,0,0,0,0,0,0,0,0
عنا أحلى عروض شحن للموبايل، اشحن 10 آلاف خود 15 ألف رصيد,1,0,0,0,0,0,0,0,0,0
خدمة توصيل أكل لباب البيت بأي وقت، حمّل التطبيق هلق,1,0,0,0,0,0,0,0,0,0
بدك تتعلم تجارة العملات وتربح من البيت؟ سجل بكورسنا المجاني,1,0,0,0,0,0,0,0,0,0
عرض الصيف عالمكيفات، تركيب مجاني وضمان 5 سنين، اتصل فينا,1,0,0,0,0,0,0,0,0,0
صار في فرع جديد إلنا بحلب، تعو شوفو العروض الافتتاحية,1,0,0,0,0,0,0,0,0,0
اشترك بباقتنا الذهبية وخود هدايا قيمتها 100 ألف ليرة,1,0,0,0,0,0,0,0,0,0
ع.ر.ض ح.ص.ر.ي خصم 50% بس اليوم فوت عالرابط بسرعة,1,0,0,0,0,0,0,0,0,0
دورة تسويق رقمي اونلاين، شهادة معتمدة وسعر رمزي، احجز,1,0,0,0,0,0,0,0,0,0
عنا أجمل تشكيلة عطور أصلية بأسعار منافسة، اطلب ووصلك لبيتك,1,0,0,0,0,0,0,0,0,0
بدك تربح من النت؟ اشترك ببرنامجنا واربح يومياً، التفاصيل بالرابط,1,0,0,0,0,0,0,0,0,0
تخفيضات الموسم عكل الألبسة الشتوية، وصلك لباب بيتك,1,0,0,0,0,0,0,0,0,0
خدمة صيانة كمبيوترات وموبايلات، نجي لعندك، اتصل فينا هلق,1,0,0,0,0,0,0,0,0,0
وصلنا شحنة جديدة من اللابتوبات بأسعار الجملة، الكمية محدودة,1,0,0,0,0,0,0,0,0,0
احجز رحلتك لتركيا بأرخص الأسعار، عروض حصرية لهالأسبوع بس,1,0,0,0,0,0,0,0,0,0
ع.رو.ض ر.ه.ي.ب.ة عالموبايلات اطلب هلق قبل نفاذ الكمية,1,0,0,0,0,0,0,0,0,0
عندك مشروع صغير؟ منساعدك تسوقو اونلاين بأرخص الأسعار,1,0,0,0,0,0,0,0,0,0
اشترك بنادينا الرياضي وخود شهر مجاني، العرض لفترة محدودة,1,0,0,0,0,0,0,0,0,0
بدك بيت بالتقسيط المريح؟ مشاريعنا بانتظارك، تواصل معنا,1,0,0,0,0,0,0,0,0,0
عرض حصري عالساعات السويسرية الأصلية، خصم لحد 60%,1,0,0,0,0,0,0,0,0,0
تعلم البرمجة من الصفر للاحتراف بكورس واحد، سجل هلق,1,0,0,0,0,0,0,0,0,0
ولك في تخفيضات عالأجهزة الكهربائية وصلت 40%، لا يفوتك,1,0,0,0,0,0,0,0,0,0
خدمة تنظيف سيارات متنقلة، منجي لمكانك، احجز موعدك,1,0,0,0,0,0,0,0,0,0
عنا أفضل عروض التأمين عالسيارات بأسعار ما رح تلاقيها بمكان,1,0,0,0,0,0,0,0,0,0
بدك تشتري ذهب بأسعار منافسة؟ زور محلنا بسوق الحميدية,1,0,0,0,0,0,0,0,0,0
اشترك بقناتنا عالتلغرام وخود نصائح مجانية بالاستثمار,1,0,0,0,0,0,0,0,0,0
عرض ع.ا.ل.ا.ن.ت.ر.ن.ت السريع، اشترك ووفّر نص السعر,1,0,0,0,0,0,0,0,0,0
وصلتنا أحدث الموبايلات الصينية بمواصفات عالية وسعر مغري,1,0,0,0,0,0,0,0,0,0
دورة تجميل وميك أب احترافية للسيدات، الأماكن محدودة، سجلي,1,0,0,0,0,0,0,0,0,0
بدك تفتح مشروعك الخاص؟ منوفرلك دراسة جدوى مجانية، تواصل,1,0,0,0,0,0,0,0,0,0
عرض خاص عالاشتراكات السنوية للجيم، خصم 30% بس هالشهر,1,0,0,0,0,0,0,0,0,0
احصل عقرض شخصي لحد 10 مليون ليرة بإجراءات بسيطة، اتصل,1,0,0,0,0,0,0,0,0,0
عنا تشكيلة واسعة من الأثاث المنزلي بالتقسيط، زورونا,1,0,0,0,0,0,0,0,0,0
اشتري مفروشاتك العرس من عنا وخود هدية قيمة، العرض محدود,1,0,0,0,0,0,0,0,0,0
بدك تتعلم قيادة بأسرع وقت؟ مدرستنا بانتظارك، سجل هلق,1,0,0,0,0,0,0,0,0,0
عرض ا.ل.م.و.س.م عالأحذية الرياضية الأصلية خصم لحد 50%,1,0,0,0,0,0,0,0,0,0
خدمة حجز فنادق بأرخص الأسعار مضمونة، احجز رحلتك معنا,1,0,0,0,0,0,0,0,0,0
وصلنا أجهزة تنقية مياه بتقنية حديثة، صحة عيلتك تهمنا، اطلب,1,0,0,0,0,0,0,0,0,0
بدك شغل من البيت بدخل ممتاز؟ سجل عنا والباقي علينا,1,0,0,0,0,0,0,0,0,0
عرض حصري عالكاميرات الاحترافية للمصورين، خصومات كبيرة,1,0,0,0,0,0,0,0,0,0
اشترك بخدمتنا وخود استشارة مجانية بأي مجال بدك ياه,1,0,0,0,0,0,0,0,0,0
كروت شحن بأسعار الجملة لكل الشبكات، اطلب كميتك ووصلك لعندك,1,0,0,0,0,0,0,0,0,0
محل تجميل افتتح بالميدان، خصومات افتتاحية لكل الخدمات هالأسبوع,1,0,0,0,0,0,0,0,0,0
بدك تبيع بيتك أو سيارتك بسرعة؟ منأمنلك المشتري، تواصل فينا,1,0,0,0,0,0,0,0,0,0
عروض رمضان وصلت بكير هالسنة، تسوق وادفع بالتقسيط بدون فوائد,1,0,0,0,0,0,0,0,0,0
دروس خصوصية بكل المواد لطلاب البكالوريا، أساتذة خبرة، احجز,1,0,0,0,0,0,0,0,0,0
وصلتنا أحدث الكنبايات التركي بتصاميم فخمة، زورو المعرض بالشعلان,1,0,0,0,0,0,0,0,0,0
بدك تنحف لرمضان؟ منتجنا الطبيعي بينزل وزنك بأمان، اطلب هلق,1,0,0,0,0,0,0,0,0,0
اشترك بصالة الألعاب الجديدة وخود حصص تدريب شخصي مجانية أول شهر,1,0,0,0,0,0,0,0,0,0
عرض ع.ا.ل.ا.ج.ه.ز.ة الكهربائية خصومات لحد 45% ما يفوتك,1,0,0,0,0,0,0,0,0,0
خدمة نقل عفش بعمال محترفين وأسعار منافسة، اتصل واحجز موعدك,1,0,0,0,0,0,0,0,0,0
كروت انترنت بأسعار حرق لكل الباقات، توصيل فوري لكل المناطق,1,0,0,0,0,0,0,0,0,0
وصلنا تشكيلة شتوية كاملة من الجواكيت والبوط، خصومات تفتح النفس,1,0,0,0,0,0,0,0,0,0
بدك تتعلم تصليح موبايلات وتفتح مشروعك؟ كورس عملي شامل، سجل,1,0,0,0,0,0,0,0,0,0
عرض خاص عقطع غيار السيارات الأصلية، توفر كل الموديلات، تواصل,1,0,0,0,0,0,0,0,0,0
صيدلية أونلاين توصل أدويتك لباب البيت خلال ساعة، حمّل التطبيق,1,0,0,0,0,0,0,0,0,0
اشترك بقناة الطبخ المدفوعة وتعلم أسرار المطبخ الشامي، أول حصة مجانية,1,0,0,0,0,0,0,0,0,0
ع.ر.و.ض ع.ل.ى الموبايلات المستعملة بحالة ممتازة وضمان، تواصل,1,0,0,0,0,0,0,0,0,0
بدك دخل إضافي؟ كن وكيل توزيع لمنتجاتنا واربح عمولة مجزية، سجل,1,0,0,0,0,0,0,0,0,0
وصلتنا أجهزة العناية بالبشرة الكورية الأصلية، اطلبي وخصمك جاهز,1,0,0,0,0,0,0,0,0,0
محل ورد جديد بالمالكي، باقات لكل المناسبات وتوصيل مجاني، زورونا,1,0,0,0,0,0,0,0,0,0
عرض الشتا عالمدافئ والصوبيات، وفّر بفاتورة الكهربا، اطلب هلق,1,0,0,0,0,0,0,0,0,0
خدمة تصميم وطباعة كروت وبروشورات لمشروعك، أسعار منافسة، تواصل,1,0,0,0,0,0,0,0,0,0
وصلنا شحنة سجاد عجمي أصلي بأسعار ما رح تتكرر، زورو المعرض,1,0,0,0,0,0,0,0,0,0
بدك رحلة عمرة بأفضل الأسعار؟ باقات متنوعة وخدمة ممتازة، احجز,1,0,0,0,0,0,0,0,0,0
ع.ر.ض خاص عالساعات الذكية بكل الماركات خصومات هائلة، اطلب,1,0,0,0,0,0,0,0,0,0
دورة تصوير فوتوغرافي احترافية من الصفر، شهادة معتمدة، سجل هلق,1,0,0,0,0,0,0,0,0,0
اشترك بخدمة التوصيل السريع وخود أول 5 طلبات بدون رسوم توصيل,1,0,0,0,0,0,0,0,0,0
بدك تجدد مطبخك؟ منوفرلك تصاميم عصرية بأسعار التكلفة، تواصل,1,0,0,0,0,0,0,0,0,0
عرض حصري عالعطور النسائية والرجالية الأصلية، خصم لحد 40%,1,0,0,0,0,0,0,0,0,0
تعلم اللغة التركية بطريقة سهلة وممتعة، كورس أونلاين، أول حصة مجانية,1,0,0,0,0,0,0,0,0,0
وصلتنا براداتنا الجديدة بتقنية توفير الطاقة، ضمان 10 سنين، اطلب,1,0,0,0,0,0,0,0,0,0
خدمة صيانة مكيفات وتنظيف فلاتر قبل الصيف، احجز موعدك بأسعار مغرية,1,0,0,0,0,0,0,0,0,0
بدك تشتري لابتوب للدراسة بسعر مناسب؟ عنا أفضل العروض، تواصل,1,0,0,0,0,0,0,0,0,0
محل ألبسة أطفال جديد بالعزيزية، تشكيلة واسعة وأسعار اقتصادية، زورونا,1,0,0,0,0,0,0,0,0,0
اشترك بمنصتنا التعليمية وادرس كل المواد بشرح مبسط، أول أسبوع مجاني,1,0,0,0,0,0,0,0,0,0
ع.ر.و.ض ع.الذهب والمجوهرات بمناسبة الافتتاح خصومات كبيرة زورونا,1,0,0,0,0,0,0,0,0,0
بدك تأمن صحي لعيلتك بسعر مناسب؟ باقات متنوعة تغطي كل شي، تواصل,1,0,0,0,0,0,0,0,0,0
وصلتنا دراجات هوائية وكهربائية بكل الأحجام، أسعار منافسة، اطلب,1,0,0,0,0,0,0,0,0,0
خدمة تنسيق حدائق وزراعة، نحول حديقتك لجنة بأسعار معقولة، تواصل,1,0,0,0,0,0,0,0,0,0
عرض خاص عاشتراكات النت الشهرية، سرعة عالية وسعر مخفض، اشترك,1,0,0,0,0,0,0,0,0,0
دورة محاسبة عملية للمبتدئين تأهلك لسوق العمل بسرعة، سجل هلق,1,0,0,0,0,0,0,0,0,0
بدك تبيع منتجاتك أونلاين؟ منعملك متجر الكتروني احترافي بسعر رمزي,1,0,0,0,0,0,0,0,0,0
وصلنا أحدث ألعاب الأطفال التعليمية المستوردة، هدية مثالية، اطلب,1,0,0,0,0,0,0,0,0,0
ع.ر.ض ع.ا.ل.م.ف.ر.و.ش.ا.ت الكاملة لغرف النوم بأسعار التكلفة,1,0,0,0,0,0,0,0,0,0
خدمة غسيل سيارات بالبخار توفر المويه وتنظف أعمق، احجز دورك,1,0,0,0,0,0,0,0,0,0
اشترك بنادي القراءة الشهري وخود كتاب جديد كل شهر لباب بيتك,1,0,0,0,0,0,0,0,0,0
بدك تجهيزات مطعمك أو كافيتيريا؟ عنا كل المعدات بأسعار الجملة,1,0,0,0,0,0,0,0,0,0
عرض حصري عالنظارات الطبية والشمسية الأصلية، خصم 30% هالشهر,1,0,0,0,0,0,0,0,0,0
تعلم مونتاج الفيديو والتصميم وافتح باب رزق جديد، كورس شامل، سجل,1,0,0,0,0,0,0,0,0,0
وصلتنا خلاطات ومعدات مطبخ كهربائية بضمان سنتين، أسعار مغرية، اطلب,1,0,0,0,0,0,0,0,0,0
عرض اليوم فقط: خصم 80% على كل الأجهزة الكهربائية، اطلب هلق قبل نفاذ الكمية,1,0,0,0,0,0,0,0,0,0
اشترك بباقتنا الشهرية وخود جيم مجاني + مسبح لمدة شهر كامل,1,0,0,0,0,0,0,0,0,0
توصيل مجاني لكل طلباتك من المطعم لحد ما تجي، حمل التطبيق هلق,1,0,0,0,0,0,0,0,0,0
افتتاح فرع جديد بدمشق، أول 100 زبون بياخدوا هدية مجانية,1,0,0,0,0,0,0,0,0,0
تعلم برمجة المواقع بـ3 أشهر وضمان توظيف، اشترك هلق والمقاعد محدودة,1,0,0,0,0,0,0,0,0,0
عرض رمضان: اشتري تلفزيون وخود ثلاجة مجاناً، العرض لنهاية الشهر,1,0,0,0,0,0,0,0,0,0
بدك تأجر سيارة بأرخص سعر؟ أسطولنا متوفر 24 ساعة، اتصل هلق,1,0,0,0,0,0,0,0,0,0
دورة مكياج احترافية للسيدات، شهادة معتمدة وسعر رمزي، احجزي مكانك,1,0,0,0,0,0,0,0,0,0
وصلتنا أحدث ساعات رولكس وأوميغا بنسخ ممتازة، زور المحل,1,0,0,0,0,0,0,0,0,0
خدمة تنظيف منازل شاملة بأسعار تبدأ من 20 ألف ليرة فقط، اتصل,1,0,0,0,0,0,0,0,0,0
عرض خاص عالاشتراك السنوي: وفر 40% وخود شهرين مجاناً,1,0,0,0,0,0,0,0,0,0
بيت أحلامك بالتقسيط المريح، شقق فاخرة بمنطقة المزة، تواصل,1,0,0,0,0,0,0,0,0,0
أفضل أسعار ذهب عيار 21 بالسوق، اشتري الآن والسعر ضامن,1,0,0,0,0,0,0,0,0,0
خدمة طلب أدوية لباب البيت، توصيل خلال ساعة، حمل التطبيق,1,0,0,0,0,0,0,0,0,0
دورة لغة انكليزية مكثفة 3 أشهر، مستوى من صفر لاحتراف، سجل,1,0,0,0,0,0,0,0,0,0
وصلنا أجود أنواع الكاشيرة والعباءات لموسم الشتاء، زوري المحل,1,0,0,0,0,0,0,0,0,0
عرض عالانترنت الفايبر: سرعة 100 ميغا بنص السعر لأول 3 أشهر,1,0,0,0,0,0,0,0,0,0
مطعمنا الجديد بحلب يستقبل حجوزاتكم، أطباق شامية أصيلة,1,0,0,0,0,0,0,0,0,0
خصومات هائلة عالعطور الفرنسية الأصلية، لمدة أسبوع فقط,1,0,0,0,0,0,0,0,0,0
بدك تفتح مشروعك؟ منوفرلك تصميم شعار + موقع إلكتروني بسعر خاص,1,0,0,0,0,0,0,0,0,0
نادينا الصحي يستقبل أعضاء جدد، اشترك هالشهر وخود شهر مجاني,1,0,0,0,0,0,0,0,0,0
أفضل أسعار تذاكر طيران لإسطنبول ودبي، احجز هلق قبل ارتفاع الأسعار,1,0,0,0,0,0,0,0,0,0
خدمة صيانة مكيفات وثلاجات، نجي لعندك بنفس اليوم، اتصل,1,0,0,0,0,0,0,0,0,0
تشكيلة واسعة من الكنب والأثاث، تقسيط بدون فوائد لـ24 شهر,1,0,0,0,0,0,0,0,0,0
دورة تصوير احترافي مع معدات، شهادة معتمدة، الأماكن محدودة,1,0,0,0,0,0,0,0,0,0
وصلتنا أحدث موديلات السيارات الكهربائية، تفضل للمعرض,1,0,0,0,0,0,0,0,0,0
خدمة تصميم داخلي مجاني عند شراء أثاث بأكثر من مليون ليرة,1,0,0,0,0,0,0,0,0,0
عرض خاص عالكاميرات الأمنية: تركيب 4 كاميرات بسعر واحدة,1,0,0,0,0,0,0,0,0,0
أحلى تورتات أعياد الميلاد والأفراح، اطلب وبنوصلك، اتصل,1,0,0,0,0,0,0,0,0,0
دورة إدارة أعمال أونلاين معتمدة من جامعة دولية، سجل هلق,1,0,0,0,0,0,0,0,0,0
خصم 30% على كل الأدوية المزمنة عند الاشتراك بصيدليتنا,1,0,0,0,0,0,0,0,0,0
بدك تبيع سيارتك؟ منشتري بأعلى سعر ونجي للمعاينة عندك,1,0,0,0,0,0,0,0,0,0
خدمة تحضير وتوصيل وجبات صحية يومية، برامج للتخسيس والرياضة,1,0,0,0,0,0,0,0,0,0
وصلتنا أجود أصناف القهوة والشاي من المصدر مباشرة,1,0,0,0,0,0,0,0,0,0
اشترك بتطبيقنا للتسوق وخود كاشباك 10% على كل عملية شراء,1,0,0,0,0,0,0,0,0,0
خدمة طباعة احترافية للبنرات والكروت، أسعار الجملة للجميع,1,0,0,0,0,0,0,0,0,0
دروس خصوصية بكل المواد لطلاب التاسع والبكالوريا، تواصل,1,0,0,0,0,0,0,0,0,0
نحضر لك عيادة طبيب للبيت، أطباء متخصصين بأسعار مناسبة,1,0,0,0,0,0,0,0,0,0
عرض السنة: اشتري موبايل وخود سماعة لاسلكية + كفر مجاناً,1,0,0,0,0,0,0,0,0,0
تبي تزيد مبيعاتك؟ خدمات تسويق رقمي مضمونة النتائج، تواصل,1,0,0,0,0,0,0,0,0,0
مشاتل الحدائق: نصمم لك حديقة بيتك بأجمل التصاميم وأرخص الأسعار,1,0,0,0,0,0,0,0,0,0
لوازم مدرسية وقرطاسية بأسعار الجملة، التوصيل لكل المحافظات,1,0,0,0,0,0,0,0,0,0
خدمة محاسبة وضرائب لشركتك بدوام جزئي، وفر مصروف محاسب ثابت,1,0,0,0,0,0,0,0,0,0
وصلتنا شحنة أحذية رياضية أصلية أديداس ونايك، الكمية محدودة,1,0,0,0,0,0,0,0,0,0
تعلم يوغا وتأمل مع مدربة متخصصة، جلسات جماعية وفردية,1,0,0,0,0,0,0,0,0,0
خدمة تنظيف وصيانة خزانات المياه، أسعار منافسة وضمان الجودة,1,0,0,0,0,0,0,0,0,0
بدك تنشر إعلانك لمليون شخص؟ عندنا الحل بأرخص الأسعار,1,0,0,0,0,0,0,0,0,0
عرض خاص عالمولدات الكهربائية، تركيب مجاني وضمان سنتين,1,0,0,0,0,0,0,0,0,0
دورة طبخ متخصصة مع شيف محترف، تعلم أشهى الأكلات الشامية,1,0,0,0,0,0,0,0,0,0
خدمة تصليح وصيانة موبايلات بكل الأنواع، ضمان شهر على الإصلاح,1,0,0,0,0,0,0,0,0,0
وصلتنا أفخر أقمشة العرسان والسهرات، زوري المحل بالحمرا,1,0,0,0,0,0,0,0,0,0
عرض تأمين صحي شامل للعائلة بقسط شهري رمزي، اسأل عن التفاصيل,1,0,0,0,0,0,0,0,0,0
بدك تعمل موقع إلكتروني احترافي؟ منعملو بأسبوع بأفضل الأسعار,1,0,0,0,0,0,0,0,0,0
خدمة غسيل وتنظيف سجاد للبيت، نجي نشيل ونرجعو نظيف,1,0,0,0,0,0,0,0,0,0
أجود أنواع العسل الجبلي الطبيعي مباشرة من المربي، اطلب هلق,1,0,0,0,0,0,0,0,0,0
عرض خاص: اشتري إطارات سيارتك الأربعة وخود تبديل مجاني,1,0,0,0,0,0,0,0,0,0
خدمة مراقبة وحراسة للمنازل والمحلات، تواصل لمعرفة التفاصيل,1,0,0,0,0,0,0,0,0,0
دورة خياطة وتصميم أزياء، تعلمي مهنة مربحة من البيت,1,0,0,0,0,0,0,0,0,0
وصلتنا أحدث أجهزة الألعاب PS5 وXbox بسعر منافس,1,0,0,0,0,0,0,0,0,0
خدمة تصوير أفراح ومناسبات بأعلى جودة وأنسب الأسعار، احجز,1,0,0,0,0,0,0,0,0,0
بدك تتعلم ترجمة وتشتغل فريلانسر؟ كورس مكثف 6 أسابيع,1,0,0,0,0,0,0,0,0,0
عرض المولد: خصومات على كل الكميات من منتجاتنا الغذائية,1,0,0,0,0,0,0,0,0,0
خدمة استشارة قانونية مجانية لأول 15 دقيقة، اتصل هلق,1,0,0,0,0,0,0,0,0,0
وصلت أجهزة تتبع السيارات GPS بأفضل الأسعار، الكمية محدودة,1,0,0,0,0,0,0,0,0,0
دروس موسيقى للأطفال والكبار: عود وبيانو وغيتار، سجل هلق,1,0,0,0,0,0,0,0,0,0
عرض تنظيف وصيانة مكيفات قبل الصيف، حجز مبكر بخصم 25%,1,0,0,0,0,0,0,0,0,0
خدمة تصميم وطباعة مناشير دعائية لمشروعك بأسعار لا تنافس,1,0,0,0,0,0,0,0,0,0
بدك تشتري أو تبيع عقار؟ أكبر شبكة وساطة عقارية بسوريا,1,0,0,0,0,0,0,0,0,0
وصلتنا أجود أنواع التمر والمكسرات من المملكة مباشرة,1,0,0,0,0,0,0,0,0,0
عرض خاص: 3 جلسات تنظيف بشرة مع خبيرة تجميل بسعر جلسة واحدة,1,0,0,0,0,0,0,0,0,0
خدمة توصيل بضاعة من تركيا لسوريا بأمان وأسرع وقت، تواصل,1,0,0,0,0,0,0,0,0,0
دورة ريادة أعمال مكثفة مع مرافقة من خبراء، سجل قبل اكتمال المجموعة,1,0,0,0,0,0,0,0,0,0
اشتري ملابس العيد من عنا وخود هدية مفاجأة مع كل طلب,1,0,0,0,0,0,0,0,0,0
خدمة فحص وصيانة شاملة للسيارة بأرخص الأسعار، احجز موعدك,1,0,0,0,0,0,0,0,0,0
عرض خاص عالكتب والقرطاسية لبداية العام الدراسي، توصيل مجاني,1,0,0,0,0,0,0,0,0,0
بدك تتعلم تجارة إلكترونية وتشتغل من البيت؟ كورس مضمون النتائج,1,0,0,0,0,0,0,0,0,0
وصلتنا ألعاب أطفال تعليمية بأمان عالي وأسعار مناسبة,1,0,0,0,0,0,0,0,0,0
خدمة طباعة كتب ومذكرات جامعية بأسعار الطلاب، تواصل,1,0,0,0,0,0,0,0,0,0
عرض حصري عالمراتب والوسائد الطبية، ضمان 10 سنوات,1,0,0,0,0,0,0,0,0,0
دورة تغذية وتخسيس مع متخصص، برامج مخصصة لكل حالة,1,0,0,0,0,0,0,0,0,0
خدمة إصلاح وصيانة أجهزة كهربائية منزلية، نجي لعندك,1,0,0,0,0,0,0,0,0,0
وصلتنا تشكيلة واسعة من الحقائب النسائية الراقية بأسعار مغرية,1,0,0,0,0,0,0,0,0,0
عرض الجملة: اشتري 10 كراتين من منتجاتنا وخود كرتون مجاني,1,0,0,0,0,0,0,0,0,0
بدك تعمل تطبيق موبايل لمشروعك؟ منعملو بأسعار تناسب الجميع,1,0,0,0,0,0,0,0,0,0
خدمة توصيل هدايا وورود لكل مناسبة، بنزين لكل سوريا,1,0,0,0,0,0,0,0,0,0
عرض الصيف: اشتري مسبح منزلي وخود صيانة مجانية للموسم,1,0,0,0,0,0,0,0,0,0
دورة كمبيوتر شاملة للمبتدئين، شهادة معتمدة وسعر رمزي جداً,1,0,0,0,0,0,0,0,0,0
وصلتنا أجود أنواع الزيتون وزيت الزيتون من ريف إدلب مباشرة,1,0,0,0,0,0,0,0,0,0
خدمة تصليح تمديدات كهربائية وسباكة، فنيين معتمدين، اتصل,1,0,0,0,0,0,0,0,0,0
عرض خاص: اشتري كاميرا DSLR وخود كورس تصوير مجاني,1,0,0,0,0,0,0,0,0,0
بدك تنقص وزنك؟ عندنا أفضل حبوب تخسيس معتمدة بدون أضرار,1,0,0,0,0,0,0,0,0,0
خدمة تنظيف خزانات مياه وتعقيمها، أسعار مناسبة وضمان النظافة,1,0,0,0,0,0,0,0,0,0
وصلتنا أحدث موديلات نظارات طبية وشمسية بأسعار الصرلة,1,0,0,0,0,0,0,0,0,0
عرض شامل للعرسان: ديكور + تصوير + حلويات بباقة واحدة مميزة,1,0,0,0,0,0,0,0,0,0
خدمة محاضرات تثقيفية وتدريبية للشركات، نجي لمقر عملكم,1,0,0,0,0,0,0,0,0,0
بدك تتعلم حياكة وكروشيه وتشتغلي من البيت؟ دورة مكثفة,1,0,0,0,0,0,0,0,0,0
وصلتنا أجهزة قياس ضغط وسكر بأسعار مناسبة، من الصيدلية,1,0,0,0,0,0,0,0,0,0
عرض خاص عالطاقة الشمسية، تركيب ألواح وبطاريات بأقل التكاليف,1,0,0,0,0,0,0,0,0,0
خدمة تنظيم حفلات وأفراح بأعلى مستوى وأنسب الميزانيات,1,0,0,0,0,0,0,0,0,0
هالطائفة كلها خونة وما بتستاهل تعيش بيناتنا، لازم نتخلص منهم,0,1,0,0,0,0,0,0,0,0
الأكراد كلهم انفصاليين وبدهم يسرقوا أرضنا، ما إلهم محل عنا,0,1,0,0,0,0,0,0,0,0
هالعرق ما بينتمي لهون، يرجعوا من وين إجوا ويتركونا بحالنا,0,1,0,0,0,0,0,0,0,0
كل واحد من هالجماعة لازم ينطرد، هنّي سبب كل مصايبنا,0,1,0,0,0,0,0,0,0,0
ا.ل.ع.ل.و.ي.ي.ن كلهم متشابهين وما فيك تأمنلهم أبداً نهائياً,0,1,0,0,0,0,0,0,0,0
السنة كلهم متطرفين وبيكرهونا، ما فينا نعيش معهم بنفس البلد,0,1,0,0,0,0,0,0,0,0
هالقومية حثالة المجتمع ولازم ينعزلوا عنا، ما إلهم بيناتنا,0,1,0,0,0,0,0,0,0,0
المسيحيين غرباء عنا وبيتآمروا علينا، احذروا منهم وما تثقوا فيهم,0,1,0,0,0,0,0,0,0,0
كل اللاجئين عبء علينا وبيخربوا بلدنا، يطلعوا من هون فوراً,0,1,0,0,0,0,0,0,0,0
هالطايفة ما بتعرف غير الغدر والخيانة، ابعدوا عنهم كلياً,0,1,0,0,0,0,0,0,0,0
الشيعة كلهم عملاء لبرا وما بيحبوا الخير لهالبلد، انتبهوا منهم,0,1,0,0,0,0,0,0,0,0
هالجماعة جايين ياخدوا شغلنا وبيوتنا، لازم نوقفهم قبل ما يكتروا,0,1,0,0,0,0,0,0,0,0
الدروز منغلقين ع حالهم وبيتآمروا بالخفا، ما فينا نثق فيهم,0,1,0,0,0,0,0,0,0,0
و.ل.ك هالعرق كلو فاسد بطبيعتو ما رح يتغير مهما عملنا,0,1,0,0,0,0,0,0,0,0
السنّة والشيعة ما بينفعوا، كلهم بيكذبوا ويخططوا ضد بعض وضدنا,0,1,0,0,0,0,0,0,0,0
هالأقلية بدها تفرض ثقافتها علينا، لازم نرفضهم ونحافظ ع هويتنا,0,1,0,0,0,0,0,0,0,0
كل واحد من هالطائفة بيشكل خطر علينا، أحسن نبعدهم عن مناطقنا,0,1,0,0,0,0,0,0,0,0
الكرد ضيوف تقلوا ع صدرنا، يرجعوا لجبالهم ويتركوا أرضنا العربية,0,1,0,0,0,0,0,0,0,0
هالجنسية كلها نصابين وحراميه، ما فينا نتعامل معهم بأمان أبداً,0,1,0,0,0,0,0,0,0,0
العلويين أخدوا حقنا وعاشوا ع حسابنا، آن الأوان ياخدوا يلي بيستاهلوه,0,1,0,0,0,0,0,0,0,0
هالطائفة ملوثة وبتنشر الفساد، لازم نطهر مجتمعنا منهم نهائياً,0,1,0,0,0,0,0,0,0,0
المهاجرين سرطان بمجتمعنا، بياخدوا وما بيعطوا، طردهم واجب وطني,0,1,0,0,0,0,0,0,0,0
ا.ل.م.س.ي.ح.ي.ي.ن خونة بيشتغلوا للغرب ضدنا، احذروا منهم كلهم,0,1,0,0,0,0,0,0,0,0
هالعرق متخلف بطبعو وما رح يتحضر مهما حاول، فرق كبير بيناتنا,0,1,0,0,0,0,0,0,0,0
السنة احتلوا مناطقنا وبدهم يغيروا هويتها، لازم نوقفهم بأي ثمن,0,1,0,0,0,0,0,0,0,0
كل واحد من هالجماعة بيحمل الحقد لنا بقلبو، ما فينا نأمنلهم,0,1,0,0,0,0,0,0,0,0
هالطائفة بتتكاثر متل الجراد لتسيطر علينا، انتبهوا قبل فوات الأوان,0,1,0,0,0,0,0,0,0,0
الأكراد عملاء وخونة باعوا الأرض للأجانب، ما إلهم محل بيناتنا,0,1,0,0,0,0,0,0,0,0
هالقومية وصمة عار بتاريخنا، كل مشاكلنا بسببهم وبسبب وجودهم,0,1,0,0,0,0,0,0,0,0
و.ل.ك ه.ا.ل.ج.م.ا.ع.ة كلها خراب وما بتجيب غير الدمار لبلدنا,0,1,0,0,0,0,0,0,0,0
الشيعة بدهم يمدوا نفوذهم ع حسابنا، لازم نتصدالهم ونحميه أرضنا,0,1,0,0,0,0,0,0,0,0
هالأقلية بتاخد امتيازات ع حسابنا، ليش هنّي فوق ونحنا تحت؟,0,1,0,0,0,0,0,0,0,0
كل واحد بينتمي لهالطائفة عدو محتمل، تعاملوا معهم بحذر شديد,0,1,0,0,0,0,0,0,0,0
المسيحيين بيعيشوا برفاهية ع حسابنا واحنا عم نتعذب، هاد ظلم,0,1,0,0,0,0,0,0,0,0
هالعرق ما بيفهم غير لغة القوة، ما فينا نعاملهم متل البشر العاديين,0,1,0,0,0,0,0,0,0,0
السنّة جايين ياخدوا مناصبنا وبيوتنا، وقفوهم قبل ما يكتروا علينا,0,1,0,0,0,0,0,0,0,0
ا.ل.ع.ل.و.ي.ي.ن أقلية حاكمة ظالمة، آن الأوان نسترجع حقنا منهم,0,1,0,0,0,0,0,0,0,0
هالطائفة بتعتبر حالها أفضل مننا، لازم نوريهم محلهم الحقيقي,0,1,0,0,0,0,0,0,0,0
كل اللاجئين مجرمين هاربين، بيشكلوا خطر ع أمننا، طردهم ضروري,0,1,0,0,0,0,0,0,0,0
الأكراد بيحلموا بدولة ع أرضنا، حلمهم رح يتحول لكابوس اذا كملوا,0,1,0,0,0,0,0,0,0,0
هالجماعة ما بتستحق المواطنة، هنّي غرباء ولازم يضلوا غرباء,0,1,0,0,0,0,0,0,0,0
الدروز بيخبوا نواياهم الحقيقية، ما فينا نثق فيهم ولا بكلمة,0,1,0,0,0,0,0,0,0,0
هالعرق دونّي بطبيعتو، الاختلاط فيهم بيجر علينا المشاكل والعار,0,1,0,0,0,0,0,0,0,0
و.ل.ك السنة والشيعة كلهم سوا، بيكرهونا وبيتمنوا زوالنا من الوجود,0,1,0,0,0,0,0,0,0,0
هالطائفة عبء ع المجتمع، ما بتنتج شي بس بتاخد من خيراتنا,0,1,0,0,0,0,0,0,0,0
المهاجرين غيروا وجه مدينتنا للأسوأ، لازم نرجعهم من وين إجوا,0,1,0,0,0,0,0,0,0,0
كل واحد من هالقومية بيحقد علينا بصمت، خليكم بعيد عنهم دايماً,0,1,0,0,0,0,0,0,0,0
هالأقلية بدها تفرض دينها وعاداتها علينا، نرفض ونقاوم بكل قوة,0,1,0,0,0,0,0,0,0,0
الشيعة استوطنوا مناطقنا بقصد تغيير هويتها، هاد غزو لازم نوقفو,0,1,0,0,0,0,0,0,0,0
هالعرق ما بينصلح، حاولنا معهم كتير بس طبيعتهم السيئة ما بتتغير,0,1,0,0,0,0,0,0,0,0
هالجماعة ما بتنتمي لمجتمعنا، يرجعوا من وين إجوا ويتركونا بحالنا,0,1,0,0,0,0,0,0,0,0
كل واحد من هالطائفة بيشكل خطر علينا، أحسنلنا نبعدهم عن مناطقنا,0,1,0,0,0,0,0,0,0,0
الأكراد ضيوف تقلوا ع صدرنا، يرجعوا لجبالهم ويتركوا أرضنا,0,1,0,0,0,0,0,0,0,0
هالعرق متخلف بطبعو ومهما حاول ما رح يتحضر، فرق كبير بيناتنا وبيناتهم,0,1,0,0,0,0,0,0,0,0
ا.ل.ع.ل.و.ي.ي.ن كلهم متشابهين، ما فيك تأمنلهم ولا للحظة وحدة,0,1,0,0,0,0,0,0,0,0
هالقومية وصمة عار، كل مشاكلنا بسببهم وبسبب وجودهم بيناتنا,0,1,0,0,0,0,0,0,0,0
المسيحيين خونة بيشتغلوا للغرب ضدنا، احذروا منهم كلهم بدون استثناء,0,1,0,0,0,0,0,0,0,0
كل اللاجئين عبء وسرطان بمجتمعنا، طردهم صار واجب وطني ضروري,0,1,0,0,0,0,0,0,0,0
الشيعة بدهم يمدوا نفوذهم ع حسابنا، لازم نتصدالهم ونحمي أرضنا,0,1,0,0,0,0,0,0,0,0
هالجماعة جايين ياخدوا شغلنا وبيوتنا، وقفوهم قبل ما يكتروا علينا,0,1,0,0,0,0,0,0,0,0
الدروز منغلقين وبيتآمروا بالخفا، ما فينا نثق فيهم ولا بكلمة وحدة,0,1,0,0,0,0,0,0,0,0
و.ل.ك ه.ا.ل.ع.ر.ق كلو فاسد بطبيعتو، ما رح يتغير مهما عملنا فيه,0,1,0,0,0,0,0,0,0,0
السنة والشيعة كلهم سوا، بيكرهونا وبيتمنوا زوالنا من الوجود,0,1,0,0,0,0,0,0,0,0
هالأقلية بدها تفرض ثقافتها وعاداتها علينا، نرفض ونقاوم بكل قوة,0,1,0,0,0,0,0,0,0,0
كل واحد من هالطائفة عدو محتمل، تعاملوا معهم بحذر شديد دايماً,0,1,0,0,0,0,0,0,0,0
الأكراد عملاء باعوا الأرض للأجانب، ما إلهم محل بيناتنا أبداً,0,1,0,0,0,0,0,0,0,0
هالجنسية كلها نصابين وحراميه، ما فينا نتعامل معهم بأي أمان,0,1,0,0,0,0,0,0,0,0
المهاجرين غيروا وجه مدينتنا للأسوأ، لازم نرجعهم من وين إجوا فوراً,0,1,0,0,0,0,0,0,0,0
ا.ل.م.س.ي.ح.ي.ي.ن بيتآمروا علينا بالخفا، ما تثقوا فيهم ولا لحظة,0,1,0,0,0,0,0,0,0,0
السنة جايين ياخدوا مناصبنا وبيوتنا، وقفوهم قبل ما يكتروا ويسيطروا,0,1,0,0,0,0,0,0,0,0
كل واحد بينتمي لهالطائفة بيحمل الحقد لنا بقلبو، ما نأمنلهم أبداً,0,1,0,0,0,0,0,0,0,0
هالأقلية بتاخد امتيازات ع حسابنا، ليش هنّي فوق ونحنا تحت دايماً؟,0,1,0,0,0,0,0,0,0,0
الدروز بيخبوا نواياهم الحقيقية، ما فينا نثق فيهم بأي شي أبداً,0,1,0,0,0,0,0,0,0,0
هالجماعة ما بتستحق المواطنة، هنّي غرباء ولازم يضلوا غرباء عنا,0,1,0,0,0,0,0,0,0,0
و.ل.ك السنة والشيعة بيتمنوا زوالنا، عداوتهم إلنا ما بتنتهي أبداً,0,1,0,0,0,0,0,0,0,0
هالطائفة عبء ع المجتمع، ما بتنتج شي بس بتاخد من خيراتنا وتعبنا,0,1,0,0,0,0,0,0,0,0
المهاجرين مجرمين هاربين بيشكلوا خطر ع أمننا، طردهم صار ضرورة,0,1,0,0,0,0,0,0,0,0
الشيعة استوطنوا مناطقنا بقصد تغيير هويتها، هاد غزو لازم نوقفو فوراً,0,1,0,0,0,0,0,0,0,0
هالأقلية بتعتبر حالها أفضل مننا، لازم نوريهم محلهم الحقيقي بيناتنا,0,1,0,0,0,0,0,0,0,0
ا.ل.ع.ل.و.ي.ي.ن أقلية ظالمة حاكمة، آن الأوان نسترجع حقنا منهم,0,1,0,0,0,0,0,0,0,0
هالطائفة بتعتبر باقي الناس أقل منها، رح نوريهم إنهم مو شي أبداً,0,1,0,0,0,0,0,0,0,0
كل اللاجئين بياخدوا ما بيعطوا، يطلعوا من بلدنا ويتركونا بحالنا,0,1,0,0,0,0,0,0,0,0
الأكراد انفصاليين بيسرقوا أرضنا، ما إلهم محل بيناتنا، يطلعوا فوراً,0,1,0,0,0,0,0,0,0,0
هالجماعة غرباء عنا بكل شي، عاداتهم ودينهم وأخلاقهم ما بتشبهنا أبداً,0,1,0,0,0,0,0,0,0,0
الدروز يتآمروا علينا من زمان، آن الأوان نكشف نواياهم ونوقفهم,0,1,0,0,0,0,0,0,0,0
هالعرق سبب تخلفنا، لو ما كانوا بيناتنا كان وضعنا أحسن بكتير,0,1,0,0,0,0,0,0,0,0
و.ل.ك ه.ا.ل.ط.ا.ئ.ف.ة كلها خراب، ما بتجيب غير الدمار لبلدنا,0,1,0,0,0,0,0,0,0,0
هالأقلية بتفرض نفسها علينا بالقوة، لازم نرفضها ونحمي هويتنا الأصيلة,0,1,0,0,0,0,0,0,0,0
المهاجرين سرقوا فرص شغلنا، يرجعوا لبلادهم ويتركوا الشغل لأهل البلد,0,1,0,0,0,0,0,0,0,0
كل واحد من هالطائفة بيخطط ضدنا بالسر، احذروا منهم وما تأمنولهم,0,1,0,0,0,0,0,0,0,0
السنة بدهم يسيطروا ع كل شي ويلغوا وجودنا، لازم نوقفهم قبل فوات الأوان,0,1,0,0,0,0,0,0,0,0
هالجماعة ملوثة لمجتمعنا النقي، لازم نعزلهم عنا ونحافظ ع أصالتنا,0,1,0,0,0,0,0,0,0,0
هالجماعة ما بتستاهل تعيش بيناتنا، كلهم مجرمين بالفطرة,0,1,0,0,0,0,0,0,0,0
طردوا هالعرق من حينا قبل ما يفسدوا أولادنا,0,1,0,0,0,0,0,0,0,0
ما في فرق بينهم والحيوانات، هاد رأي كل الناس بهالطائفة,0,1,0,0,0,0,0,0,0,0
هالأقلية سبب كل مصايبنا، لازم ينعزلوا عن المجتمع,0,1,0,0,0,0,0,0,0,0
كل من ينتمي لهالمجموعة هو عدو بالتعريف، ما في استثناء,0,1,0,0,0,0,0,0,0,0
بناتهم بلا شرف وشبابهم لصوص وهيك بيربوا أولادهم,0,1,0,0,0,0,0,0,0,0
هالجنسية كلها نصابين ولازم تنمنع من دخول حينا,0,1,0,0,0,0,0,0,0,0
اللاجئين هدول جابوا الجريمة والفقر لبلدنا ولازم يطلعوا,0,1,0,0,0,0,0,0,0,0
ما في مسلم صادق من هالطائفة، كلهم بيكذبوا بطبيعتهم,0,1,0,0,0,0,0,0,0,0
هالقومية دونية بطبعها ولازم تعامل كأدنى درجة بالمجتمع,0,1,0,0,0,0,0,0,0,0
النساء من هالطائفة لا كرامة لهن ولا احترام بيناتنا,0,1,0,0,0,0,0,0,0,0
ابعدوا أولادكم عن هالعرق، هنّي بيفسدوا كل شي حواليهم,0,1,0,0,0,0,0,0,0,0
حارتنا صارت مكب للزبالة من لما هيك ناس سكنوا فيها,0,1,0,0,0,0,0,0,0,0
هالمهاجرين مو بشر متلنا، عندهم ثقافة وحشية من بلدهم,0,1,0,0,0,0,0,0,0,0
كل جريمة بالمدينة وراها واحد من هالطائفة المجرمة,0,1,0,0,0,0,0,0,0,0
ما منقدر نعيش مع هالعرق بنفس البلد، الفرق كبير كتير,0,1,0,0,0,0,0,0,0,0
هالأقلية بتحتل بيوتنا وبتسرق مستقبل ولادنا,0,1,0,0,0,0,0,0,0,0
النظر لهيك ناس عيب، لازم نقاطعهم اجتماعياً وتجارياً,0,1,0,0,0,0,0,0,0,0
كل من يتزوج من هالطائفة خان عيلته وعيلة الفريق كلو,0,1,0,0,0,0,0,0,0,0
هالعرق عبيد ومو حر، ما استاهلوا يتعاملوا متل البشر,0,1,0,0,0,0,0,0,0,0
الشغل مع واحد من هالقومية رزق حرام بكل مقاييس,0,1,0,0,0,0,0,0,0,0
سكان هالمنطقة كلهم تحت الشك، ما في واحد منهم أمين,0,1,0,0,0,0,0,0,0,0
هالطائفة بتنجب أولاد كتار عشان تسيطر علينا بالتعداد,0,1,0,0,0,0,0,0,0,0
حتى الكلاب أشرف من هيك ناس بكتير مراحل,0,1,0,0,0,0,0,0,0,0
هالأقلية بتعمل مؤامرة علينا بالخفا ولازم نفضحها,0,1,0,0,0,0,0,0,0,0
يلي بيدافع عن هالعرق إما غبي أو متآمر معهم,0,1,0,0,0,0,0,0,0,0
هالجماعة ما عندها وطن ولا هوية، غرباء بكل مكان بيروحوا,0,1,0,0,0,0,0,0,0,0
التعليم مع أولاد هالطائفة بيفسد أولادنا لازم يتفصل,0,1,0,0,0,0,0,0,0,0
هالمذهب بيربي الناس على الكره والغدر من الصغر,0,1,0,0,0,0,0,0,0,0
الثقة بواحد من هالقومية جريمة بحق نفسك وعيلتك,0,1,0,0,0,0,0,0,0,0
هالطائفة دايماً بتظاهر بالمظلومية وهي السبب الحقيقي بكل شر,0,1,0,0,0,0,0,0,0,0
لازم نمنع هيك ناس من الوصول لمناصب المسؤولية نهائياً,0,1,0,0,0,0,0,0,0,0
هالعرق ما عندو قيم ولا مبادئ، التعامل معهم خطر,0,1,0,0,0,0,0,0,0,0
كل ما زادوا بالعدد بالحي زادت الجرايم والفساد,0,1,0,0,0,0,0,0,0,0
هالأقلية بتحاول تغير هوية منطقتنا وما رح نسمح,0,1,0,0,0,0,0,0,0,0
من يتعامل مع هالطائفة تجارياً بيضر مجتمعه وناسه,0,1,0,0,0,0,0,0,0,0
هالجماعة بتأكل من حق غيرها وما بتنتج شي للمجتمع,0,1,0,0,0,0,0,0,0,0
ثقافتهم وحشية ومتخلفة وما بتنسجم مع مجتمعنا المتحضر,0,1,0,0,0,0,0,0,0,0
هالطائفة منافقة، بتظهر شي وبتخبي شي تاني بالقلب,0,1,0,0,0,0,0,0,0,0
لازم نوعي أولادنا على خطر هالعرق من الصغر,0,1,0,0,0,0,0,0,0,0
هالمجموعة عبء على الدولة وعلى الخدمات وعلى الكل,0,1,0,0,0,0,0,0,0,0
ما في واحد صالح من هالطائفة، هيك خلقوا وهيك رح يموتوا,0,1,0,0,0,0,0,0,0,0
حتى روائحهم مختلفة، هنّي مو متلنا بأي شي,0,1,0,0,0,0,0,0,0,0
هالعرق بيتلون وبيتكيف ليضحك علينا، ما بتقدر تأمنلهم,0,1,0,0,0,0,0,0,0,0
اللي بيدافع عن حقوق هالطائفة خاين لوطنه وأهله,0,1,0,0,0,0,0,0,0,0
هالناس جابوا وباء الجريمة والفقر لكل مكان ذهبوا إليه,0,1,0,0,0,0,0,0,0,0
تاريخهم كلو خيانة وغدر، ما بيتعلموا وما بيتغيروا,0,1,0,0,0,0,0,0,0,0
هالأقلية رح تكون سبب الحرب الأهلية القادمة بيناتنا,0,1,0,0,0,0,0,0,0,0
من يربط مصلحته بهالعرق يندم طول عمره، بيعرفوا يستغلوا,0,1,0,0,0,0,0,0,0,0
كل مشكلة بالبلد ابحث وراها لقيت هالطائفة بآخرها,0,1,0,0,0,0,0,0,0,0
هالمجموعة بتشتري الضمائر وبتفسد يلي كانوا شرفاء,0,1,0,0,0,0,0,0,0,0
الدم مو دم كل الناس، هنّي من طينة تانية ومو متلنا,0,1,0,0,0,0,0,0,0,0
هالطائفة بتحكم علينا من وراء الكواليس وما حدا بيحكي,0,1,0,0,0,0,0,0,0,0
يلي تعلم بمدرسة فيها أولاد من هالعرق بيرجع بقيم سيئة,0,1,0,0,0,0,0,0,0,0
هالقومية ما إلها مكان بالعالم المتحضر، هنّي بيرجعوا للوراء,0,1,0,0,0,0,0,0,0,0
كل المؤامرات الكبيرة علينا بيقف وراها هالطائفة,0,1,0,0,0,0,0,0,0,0
هالناس بيستغلوا الكرم ويتمادوا، ما تبين إيدك للغريب,0,1,0,0,0,0,0,0,0,0
الأمان الحقيقي يكون لما نتخلص من وجود هالعرق بحينا,0,1,0,0,0,0,0,0,0,0
هالطائفة علمت أولادها الكذب والسرقة من الصغر,0,1,0,0,0,0,0,0,0,0
الدولة الحقيقية لازم تميز بين المواطنين وهيك غرباء,0,1,0,0,0,0,0,0,0,0
هالأقلية ما بتستحق نفس الحقوق لأنها ما بتحمل نفس الواجبات,0,1,0,0,0,0,0,0,0,0
كل فقر ومرض وجهل بالمنطقة من لما هيك ناس سكنوا,0,1,0,0,0,0,0,0,0,0
هالمذهب علم أتباعه يكرهوا كل من هو مختلف عنهم,0,1,0,0,0,0,0,0,0,0
يلي بيحب هالعرق ما بيحب وطنه، بسيطة وواضحة,0,1,0,0,0,0,0,0,0,0
هالطائفة بتتناسل بسرعة عشان تسيطر ديمغرافياً علينا,0,1,0,0,0,0,0,0,0,0
ما في شي اسمو صديق من هالقومية، كلهم بيستخدموك وبيتركوك,0,1,0,0,0,0,0,0,0,0
هالجماعة مو أهل للثقة بالتجارة ولا بالجيرة ولا بأي شي,0,1,0,0,0,0,0,0,0,0
سببهم صار عنا شوارع غير آمنة وجريمة بكل مكان,0,1,0,0,0,0,0,0,0,0
هالطائفة بتعبد بشر وبتقدس قبور، هاد علامة تخلف حضاري,0,1,0,0,0,0,0,0,0,0
لازم يكون في قانون يمنع هالعرق من التملك بمناطقنا,0,1,0,0,0,0,0,0,0,0
كل واحد من هالقومية بيحمل الحقد لنا بجيناته,0,1,0,0,0,0,0,0,0,0
هالمجموعة جابت عادات وتقاليد وحشية لمجتمعنا المتحضر,0,1,0,0,0,0,0,0,0,0
لو ما كانوا هنّي لكانت حياتنا أحسن بمراحل كتير,0,1,0,0,0,0,0,0,0,0
هالطائفة منافقة ومخادعة، وجهان واحد للعلن وواحد بالخفا,0,1,0,0,0,0,0,0,0,0
هالعرق بيلعب على حبلين دايماً، ما معو موقف ثابت,0,1,0,0,0,0,0,0,0,0
تاريخهم الطويل كلو غدر وبيع ومؤامرات ضد الكل,0,1,0,0,0,0,0,0,0,0
هالأقلية بتحاول تفرض ثقافتها الغريبة على مجتمعنا الأصيل,0,1,0,0,0,0,0,0,0,0
من يتعاون مع هالطائفة على حساب مجتمعه إنسان ساقط,0,1,0,0,0,0,0,0,0,0
هالمجموعة بتدعي المظلومية وهي الظالم الحقيقي دايماً,0,1,0,0,0,0,0,0,0,0
هالعرق أجنبي عن هالأرض ولازم يرجع من وين إجا,0,1,0,0,0,0,0,0,0,0
ما عندهم ذمة ولا ضمير، هيك خلقتهم أمهاتهم,0,1,0,0,0,0,0,0,0,0
هالطائفة بتنخر بالمجتمع متل السوسة بالخشب,0,1,0,0,0,0,0,0,0,0
لما بتشوف واحد من هالعرق بالشارع تحسسلك على جيبك,0,1,0,0,0,0,0,0,0,0
هالأقلية بتستخدم السياسة عشان تسرق حق الأغلبية,0,1,0,0,0,0,0,0,0,0
كل مشكلة اجتماعية بالبلد إذا حفرت لقيت هالطائفة,0,1,0,0,0,0,0,0,0,0
هالقومية شرذمة متفرقة ما إلها وطن، متلهم متل الريح,0,1,0,0,0,0,0,0,0,0
هنّي يشتغلوا لحالهم وما يخالطوا ناس شرفاء متلنا,0,1,0,0,0,0,0,0,0,0
هالطائفة بتتعاون مع أعداء البلد ضد مصلحة الوطن,0,1,0,0,0,0,0,0,0,0
ما في واحد من هالعرق صادق، الكذب جزء من ثقافتهم,0,1,0,0,0,0,0,0,0,0
لو فينا نختار ما كنا اخترنا العيش بجانب هيك ناس,0,1,0,0,0,0,0,0,0,0
هالمجموعة خطر على الأمن والنظام ولازم تراقب دايماً,0,1,0,0,0,0,0,0,0,0
هالطائفة بتحتل مناصب ما بتستاهلها وبتحرم الكفوء منها,0,1,0,0,0,0,0,0,0,0
الحياة صارت أحسن بكتير من لما كان عددهم أقل بالمنطقة,0,1,0,0,0,0,0,0,0,0
هالعرق بيخطط بالسر ضدنا وبيظهر الصداقة بالعلن,0,1,0,0,0,0,0,0,0,0
لازم القانون يميز بيناتنا وبينهم حفاظاً على مجتمعنا,0,1,0,0,0,0,0,0,0,0
هالأقلية سلاحها الإنجاب الكثير عشان تغير موازين القوى,0,1,0,0,0,0,0,0,0,0
كلهم متشابهين، ما في واحد منهم مختلف عن الصورة النمطية,0,1,0,0,0,0,0,0,0,0
هالطائفة دايماً بتتذكر إنها مختلفة وبتستخدم ذلك سلاحاً,0,1,0,0,0,0,0,0,0,0
مبروك ربحت 5 مليون ليرة من سحب سيريتل، ابعت رقمك السري لتستلم الجايزة,0,0,1,0,0,0,0,0,0,0
هلق وصلك رابط من البنك عبيه معلوماتك لتفعيل حسابك قبل ما ينقفل,0,0,1,0,0,0,0,0,0,0
ولك انت الفائز بسيارة! بس ادفع رسوم التحويل 50 ألف وخود مفتاحك,0,0,1,0,0,0,0,0,0,0
تهانينا حسابك ربح جايزة، اضغط الرابط وادخل رقم بطاقتك لتستلمها,0,0,1,0,0,0,0,0,0,0
معك موظف من سيريتل، في مشكلة بخطك، اعطيني الكود يلي وصلك لحلها,0,0,1,0,0,0,0,0,0,0
بدك شغل براتب 500 دولار بالشهر من البيت؟ ادفع رسوم التسجيل بس,0,0,1,0,0,0,0,0,0,0
حسابك بالواتساب رح ينقفل، ابعت الكود يلي وصلك لتأكيد هويتك,0,0,1,0,0,0,0,0,0,0
ربحت بقرعة MTN موبايل جديد، عبي بياناتك عالرابط لتوصلك الجايزة,0,0,1,0,0,0,0,0,0,0
عمتك حوالة من برا، بس لازم تدفع عمولة الاستلام أول شي عالرابط,0,0,1,0,0,0,0,0,0,0
انتبه! حسابك البنكي تعرض لاختراق، غير كلمة السر فوراً عهالرابط,0,0,1,0,0,0,0,0,0,0
مرحبا انا بايع عالموقع، حوللي العربون عهالحساب وببعتلك الغرض,0,0,1,0,0,0,0,0,0,0
ربحت رحلة مجانية لدبي، اكد حجزك بدفع 30 ألف رسوم بس,0,0,1,0,0,0,0,0,0,0
معك خدمة الزبائن، خطك رح ينقطع، اعطينا رقم الهوية والكود السري,0,0,1,0,0,0,0,0,0,0
م.ب.ر.و.ك ربحت جايزة كبيرة اضغط الرابط واعطي معلوماتك,0,0,1,0,0,0,0,0,0,0
في حوالة باسمك متوقفة، ادخل بياناتك عهالرابط لتحررها بسرعة,0,0,1,0,0,0,0,0,0,0
عرض من سيريتل: اشحن 5 آلاف وخود 50 ألف، بس فعّل عهالكود أول,0,0,1,0,0,0,0,0,0,0
ابنك تعرض لحادث وعم نطلب فدية، حوّل المبلغ هلق عهالرقم,0,0,1,0,0,0,0,0,0,0
حسابك عالفيسبوك رح يتحذف، اكد هويتك عهالرابط خلال ساعة,0,0,1,0,0,0,0,0,0,0
ربحت قسيمة شراء بـ200 ألف من متجرنا، فعّلها بإدخال رقم بطاقتك,0,0,1,0,0,0,0,0,0,0
معك البنك المركزي، في عملية مشبوهة عحسابك، اعطينا الكود لإيقافها,0,0,1,0,0,0,0,0,0,0
بدك تستثمر وتربح ضعف مبلغك بأسبوع؟ حوّل وشوف بعينك، مضمون,0,0,1,0,0,0,0,0,0,0
ا.ن.ت ر.ب.ح.ت بقرعة الموبايل ابعت رقمك السري لاستلام الجايزة,0,0,1,0,0,0,0,0,0,0
خطك مهدد بالقطع لعدم الدفع، سدد فوراً عهالرابط لتجنب الانقطاع,0,0,1,0,0,0,0,0,0,0
وصلتك هدية من صديق، افتح الرابط وسجل دخولك لتشوف مين بعتها,0,0,1,0,0,0,0,0,0,0
تم اختيارك لوظيفة مرموقة، بس ادفع رسوم المقابلة لتأكيد مكانك,0,0,1,0,0,0,0,0,0,0
حسابك ربح 10 آلاف دولار بمسابقة، اعطينا معلومات حسابك للتحويل,0,0,1,0,0,0,0,0,0,0
معك موظف الكهرباء، فاتورتك متأخرة، ادفع عهالرابط قبل القطع,0,0,1,0,0,0,0,0,0,0
ربحت آيفون 15 برو، بس غطي رسوم الشحن 40 ألف لتوصلك عالبيت,0,0,1,0,0,0,0,0,0,0
في طرد باسمك بالجمرك، ادفع رسوم التخليص عهالرابط لتستلمو,0,0,1,0,0,0,0,0,0,0
حسابك بالبنك مجمد، اتصل فوراً وأعطي بياناتك الكاملة لفك التجميد,0,0,1,0,0,0,0,0,0,0
بدك تضاعف رصيدك؟ حول لهالرقم وبيرجعلك المبلغ مضاعف خلال ساعة,0,0,1,0,0,0,0,0,0,0
تهانينا اخترناك من بين آلاف الزبائن لتربح جايزتنا الكبرى,0,0,1,0,0,0,0,0,0,0
معك أمن المعلومات بسيريتل، في خطر عحسابك، اعطينا كلمة السر,0,0,1,0,0,0,0,0,0,0
ربحت اشتراك مجاني سنة كاملة، فعّلو بإدخال رقم بطاقتك الائتمانية,0,0,1,0,0,0,0,0,0,0
عندك مخالفة مرورية متأخرة، سددها هلق عهالرابط قبل ما تتضاعف,0,0,1,0,0,0,0,0,0,0
حوالتك المالية جاهزة، بس عبي بياناتك البنكية عهالرابط لاستلامها,0,0,1,0,0,0,0,0,0,0
م.ع.ك ا.ل.ب.ن.ك في مشكلة بحسابك اعطينا الكود السري لحلها,0,0,1,0,0,0,0,0,0,0
بدك فيزا سفر مضمونة بأسبوع؟ ادفع الرسوم وخلينا نكمل إجراءاتك,0,0,1,0,0,0,0,0,0,0
ربحت بسحب رمضان مبلغ كبير، اتصل وأكد بياناتك لاستلام الجايزة,0,0,1,0,0,0,0,0,0,0
حسابك عالانستغرام تم الإبلاغ عنو، اكد ملكيتك عهالرابط فوراً,0,0,1,0,0,0,0,0,0,0
عرض استثماري ذهبي، ضاعف أموالك بالعملات الرقمية، ابدأ هلق,0,0,1,0,0,0,0,0,0,0
معك شركة الشحن، طردك متوقف، ادفع الرسوم الإضافية عهالرابط,0,0,1,0,0,0,0,0,0,0
تم رصد دخول غريب لحسابك، غير كلمة السر فوراً من هالرابط,0,0,1,0,0,0,0,0,0,0
ربحت قرض بدون فوائد لحد 5 مليون، عبي الطلب عهالرابط هلق,0,0,1,0,0,0,0,0,0,0
ا.د.ف.ع رسوم التحويل وخود جايزتك الكبرى يلي ربحتها بالسحب,0,0,1,0,0,0,0,0,0,0
حسابك بالتطبيق رح ينقفل بكرا، جدد اشتراكك عهالرابط لتجنب القطع,0,0,1,0,0,0,0,0,0,0
معك موظف الضرائب، عليك مبلغ متأخر، سدد هلق لتجنب المسائلة,0,0,1,0,0,0,0,0,0,0
بدك تشتري دولار بسعر مميز؟ حوّل لهالحساب وبيوصلك خلال دقايق,0,0,1,0,0,0,0,0,0,0
وصلك مبلغ بالخطأ لحسابك، رجعو لهالرقم فوراً قبل ما تتورط,0,0,1,0,0,0,0,0,0,0
تهانينا رقمك فاز بالسحب الأسبوعي، اعطينا تفاصيلك لإرسال الجايزة,0,0,1,0,0,0,0,0,0,0
معك دائرة الهجرة، طلب لجوئك تمت الموافقة عليه، ادفع رسوم المعاملة هلق,0,0,1,0,0,0,0,0,0,0
رصيدك رح ينتهي، فعّل العرض المجاني بإدخال رقمك السري عهالرابط,0,0,1,0,0,0,0,0,0,0
وصلك مبلغ من ويسترن يونيون، عبي بياناتك عهالرابط لاستلامو فوراً,0,0,1,0,0,0,0,0,0,0
معك الدعم الفني لشركتك، في فيروس عجهازك، حمّل برنامجنا لإزالتو,0,0,1,0,0,0,0,0,0,0
تم قبولك بمنحة دراسية مجانية برا، بس ادفع رسوم التسجيل لتأكيد مقعدك,0,0,1,0,0,0,0,0,0,0
حسابك ع الأنستغرام حصل ع علامة التوثيق، أكد بياناتك عهالرابط,0,0,1,0,0,0,0,0,0,0
معك موظف شركة الكهرباء، عندك رصيد زائد، اعطينا حسابك لنرجعو إلك,0,0,1,0,0,0,0,0,0,0
ربحت قرعة الحج المجاني هالسنة، اتصل وأكد بياناتك لتثبيت اسمك,0,0,1,0,0,0,0,0,0,0
ا.د.ف.ع رسوم بسيطة وخود حوالتك المعلقة من برا فوراً عهالرابط,0,0,1,0,0,0,0,0,0,0
معك البنك، بطاقتك رح تنتهي صلاحيتها، جددها بإدخال الرقم والكود,0,0,1,0,0,0,0,0,0,0
عرض وظيفة بدوام جزئي براتب ممتاز، ادفع رسوم التدريب لتبدأ فوراً,0,0,1,0,0,0,0,0,0,0
حسابك بالتطبيق سجل دخول من جهاز غريب، أكد هويتك عهالرابط حالاً,0,0,1,0,0,0,0,0,0,0
معك خدمة عملاء سيريتل، خطك ربح باقة مجانية سنة، فعّلها بالكود,0,0,1,0,0,0,0,0,0,0
بدك تستثمر بمشروع عقاري مضمون الربح؟ حوّل العربون واحجز حصتك,0,0,1,0,0,0,0,0,0,0
وصل طلبك يلي طلبتو أونلاين، ادفع رسوم التوصيل عهالرابط لاستلامو,0,0,1,0,0,0,0,0,0,0
معك مصلحة الضرائب، عندك استرداد ضريبي، اعطينا حسابك لنحول المبلغ,0,0,1,0,0,0,0,0,0,0
ربحت بمسابقة رمضان جايزة كبيرة، بس ابعت رقم بطاقتك لتحويل المبلغ,0,0,1,0,0,0,0,0,0,0
ح.س.ا.ب.ك مهدد بالإغلاق، حدّث معلوماتك عهالرابط خلال 24 ساعة,0,0,1,0,0,0,0,0,0,0
معك إدارة الواتساب، حسابك رح ينحظر، ابعت كود التفعيل لإنقاذو,0,0,1,0,0,0,0,0,0,0
تهانينا اختيرت لتجربة منتج مجاني، بس غطي رسوم الشحن عهالرابط,0,0,1,0,0,0,0,0,0,0
عندك طرد متوقف بمكتب البريد، ادفع رسوم التخزين قبل ما يترجع,0,0,1,0,0,0,0,0,0,0
معك البنك المركزي، رصدنا نشاط مشبوه، اتصل وأعطينا تفاصيل حسابك,0,0,1,0,0,0,0,0,0,0
ربحت سيارة بالسحب السنوي، حوّل رسوم التسجيل والجمارك لتستلمها,0,0,1,0,0,0,0,0,0,0
حسابك بالفيسبوك رح يتعطل، أكد ملكيتك بإدخال كلمة السر عهالرابط,0,0,1,0,0,0,0,0,0,0
ا.ت.ص.ل فوراً، في حوالة باسمك رح ترجع لمرسلها اذا ما استلمتها اليوم,0,0,1,0,0,0,0,0,0,0
معك شركة التأمين، عندك تعويض جاهز، اعطينا رقم حسابك لنحول المبلغ,0,0,1,0,0,0,0,0,0,0
بدك دولار بسعر السوق السوداء بأرخص من الكل؟ حوّل وبيوصلك فوراً,0,0,1,0,0,0,0,0,0,0
حسابك ربح عضوية ذهبية مجانية، فعّلها بإدخال بيانات بطاقتك هلق,0,0,1,0,0,0,0,0,0,0
معك موظف الجوازات، جوازك جاهز، ادفع رسوم الاستلام عهالرابط,0,0,1,0,0,0,0,0,0,0
تم اختيار رقمك لربح اشتراك نتفليكس سنة، أكد بإدخال رقم بطاقتك,0,0,1,0,0,0,0,0,0,0
وصلك إشعار دفع متأخر، سدد فوراً عهالرابط قبل ما تتراكم الغرامات,0,0,1,0,0,0,0,0,0,0
معك صديق قديم، خسرت رقمك، ابعتلي رقم حسابك بدي حوّلك مبلغ,0,0,1,0,0,0,0,0,0,0
ربحت كوبون تسوق بـ500 ألف من متجر شهير، فعّلو بإدخال بياناتك,0,0,1,0,0,0,0,0,0,0
ح.و.ا.ل.ت.ك جاهزة بس عبي معلوماتك البنكية عهالرابط لاستلامها,0,0,1,0,0,0,0,0,0,0
معك دائرة العقارات، عقارك المسجل عليه مشكلة، اتصل وأعطينا بياناتك,0,0,1,0,0,0,0,0,0,0
بدك بطاقة ائتمان بدون شروط ولا كفيل؟ سجل عهالرابط بمعلوماتك,0,0,1,0,0,0,0,0,0,0
حسابك بتطبيق التوصيل ربح رصيد مجاني، فعّلو بربط بطاقتك البنكية,0,0,1,0,0,0,0,0,0,0
معك موظف الجمارك، عندك طرد دولي، ادفع رسوم التخليص عهالرابط,0,0,1,0,0,0,0,0,0,0
تهانينا، رقمك من ضمن 10 فائزين بمليون ليرة، أكد بياناتك للاستلام,0,0,1,0,0,0,0,0,0,0
وصلك رابط لتحديث تطبيق البنك، حدّث الآن لتجنب توقف الخدمة عحسابك,0,0,1,0,0,0,0,0,0,0
معك شركة الشحن الدولي، طردك محتجز، ادفع غرامة التأخير عهالرابط,0,0,1,0,0,0,0,0,0,0
بدك تشتري عقار بسعر مغري قبل طرحو بالسوق؟ ادفع عربون واحجزو,0,0,1,0,0,0,0,0,0,0
حسابك ربح نقاط بقيمة كبيرة، استبدلها كاش بإدخال رقم بطاقتك هلق,0,0,1,0,0,0,0,0,0,0
ا.ن.ت.ب.ه حسابك رح ينقفل بكرا اذا ما أكدت بياناتك عهالرابط,0,0,1,0,0,0,0,0,0,0
معك إدارة المسابقة، فزت بجايزة لكن لازم تدفع ضريبة الجايزة أول,0,0,1,0,0,0,0,0,0,0
بدك قرض فوري بدون فوائد لحد 3 مليون؟ قدم طلبك عهالرابط هلق,0,0,1,0,0,0,0,0,0,0
حسابك بالايميل تعرض لاختراق، غير كلمة السر فوراً من هالرابط الرسمي,0,0,1,0,0,0,0,0,0,0
معك موظف الصرافة، عندك حوالة كبيرة، اعطينا بياناتك الكاملة للصرف,0,0,1,0,0,0,0,0,0,0
ربحت رحلة سياحية لكل العيلة، بس غطي رسوم الحجز والتأشيرة هلق,0,0,1,0,0,0,0,0,0,0
وصلك مبلغ تحويل خاطئ، رجعو فوراً عهالرقم وإلا رح تتعرض للمسائلة,0,0,1,0,0,0,0,0,0,0
سيريتل: رصيدك رح ينتهي اليوم، ابعت الكود يلي وصلك لتجديد,0,0,1,0,0,0,0,0,0,0
البنك الأهلي: تم رصد عملية مشبوهة، تحقق من حسابك عهالرابط,0,0,1,0,0,0,0,0,0,0
مبروك اخترناك بالقرعة، ابعتلنا رقم هويتك لتستلم الجايزة,0,0,1,0,0,0,0,0,0,0
ابنك بالمشفى وبحاجة لعملية فورية، حوّل تكاليف العملية هلق,0,0,1,0,0,0,0,0,0,0
وزارة العمل: تم قبولك بوظيفة، ادفع رسوم التصديق الآن,0,0,1,0,0,0,0,0,0,0
DHL: طردك موقوف بالجمرك، ادفع 15 ألف رسوم تخليص,0,0,1,0,0,0,0,0,0,0
حسابك على تيليغرام رح ينحذف، اكد هويتك عهالرابط فوراً,0,0,1,0,0,0,0,0,0,0
الضمان الاجتماعي: مستحقاتك جاهزة، سجل بياناتك لتستلمها,0,0,1,0,0,0,0,0,0,0
تهانينا فزت برحلة مجانية لمكة، ابعت اسمك ورقم جوازك,0,0,1,0,0,0,0,0,0,0
بنك سورية والخليج: حسابك مجمد لأسباب أمنية، تحقق هلق,0,0,1,0,0,0,0,0,0,0
انت الفايز بسحب الذهبية، اتصل هلق على الرقم لتأكيد فوزك,0,0,1,0,0,0,0,0,0,0
مبلغ كبير تحول لحسابك بالخطأ، رجعو لهالرقم قبل المساءلة,0,0,1,0,0,0,0,0,0,0
خدمة عملاء MTN: خطك مهدد بالإيقاف، فعّل عهالرابط فوراً,0,0,1,0,0,0,0,0,0,0
الحكومة بتوزع مساعدات، سجل اسمك وعنوانك عهالرابط الرسمي,0,0,1,0,0,0,0,0,0,0
شركة أمازون: طلبيتك جاهزة لكن في رسوم جمرك، ادفع هون,0,0,1,0,0,0,0,0,0,0
تجار العملات: الدولار رح يقفز بكرا، استثمر معنا هلق,0,0,1,0,0,0,0,0,0,0
مرحبا انا بدي أبيع سيارتي بسعر مغري، حوللي عربون وبرسلها,0,0,1,0,0,0,0,0,0,0
اليانصيب الوطني: رقمك الفايز بـ50 مليون، اتصل لتأكيد,0,0,1,0,0,0,0,0,0,0
السفارة الأمريكية: تم قبول طلب فيزتك، ادفع رسوم المعالجة,0,0,1,0,0,0,0,0,0,0
البريد السوري: شحنة باسمك، ادفع رسوم التخليص عهالرابط,0,0,1,0,0,0,0,0,0,0
استثمر معنا بالعملة الرقمية وضاعف أموالك خلال أسبوع مضمون,0,0,1,0,0,0,0,0,0,0
وزارة المالية: عليك غرامة ضريبية، سددها هلق لتجنب الغرامات,0,0,1,0,0,0,0,0,0,0
حسابك بانستغرام تم الإبلاغ عنو من عدة أشخاص، اكد ملكيتو,0,0,1,0,0,0,0,0,0,0
مكتب التوظيف: تم اختيارك لوظيفة بالخارج، ابعت وثائقك هلق,0,0,1,0,0,0,0,0,0,0
شركة الشحن: طردك معنا بس في رسوم إضافية للتوصيل، ادفع,0,0,1,0,0,0,0,0,0,0
برنامج المساعدات الأممية: تم اختيار عيلتك، سجلوا بياناتكم,0,0,1,0,0,0,0,0,0,0
مصرف سوريا المركزي: يجب تحديث بياناتك قبل نهاية الشهر,0,0,1,0,0,0,0,0,0,0
ربحت سيارة كيا من السحب الشهري، اتصل لترتيب عملية الاستلام,0,0,1,0,0,0,0,0,0,0
شركة التأمين: عندك مبلغ غير مطالب به من 3 سنين، اطلبو هلق,0,0,1,0,0,0,0,0,0,0
جهاز مكافحة الجرائم الإلكترونية: تم رصد نشاط مشبوه بحسابك,0,0,1,0,0,0,0,0,0,0
فرصة استثمارية ذهبية بالعقارات، عائد 200% بسنة، تواصل هلق,0,0,1,0,0,0,0,0,0,0
ربحت اشتراك نتفليكس مجاني لسنة، ادخل بياناتك البنكية هون,0,0,1,0,0,0,0,0,0,0
الجيش: تم استدعاؤك لخدمة العلم، راجع الرابط لمعرفة التفاصيل,0,0,1,0,0,0,0,0,0,0
مرحبا معك مدير البنك، عندك عملية تحويل مشبوهة، اوقفها هلق,0,0,1,0,0,0,0,0,0,0
وصلتك حوالة من أوروبا لكن محتاج تدفع عمولة استلام 50 ألف,0,0,1,0,0,0,0,0,0,0
شركة سامسونغ: فزت بهاتف جديد، أكد اسمك وعنوانك لنرسله,0,0,1,0,0,0,0,0,0,0
تحديث أمني لحسابك المصرفي مطلوب فوراً، اضغط الرابط هون,0,0,1,0,0,0,0,0,0,0
مصلحة الضرائب: عليك مبالغ متأخرة، تجنب الحجز بالدفع هلق,0,0,1,0,0,0,0,0,0,0
تم اختراق حسابك، غير كلمة السر فوراً من خلال هذا الرابط,0,0,1,0,0,0,0,0,0,0
انت رابح رحلة عائلية لتركيا، بس ادفع رسوم التأمين أول,0,0,1,0,0,0,0,0,0,0
بنك بيبلوس: حسابك يحتاج توثيق، ابعت صورة هويتك هلق,0,0,1,0,0,0,0,0,0,0
اشترك بشبكة التسويق بـ50 ألف وربح ضعفها شهرياً بسهولة,0,0,1,0,0,0,0,0,0,0
الكهرباء رح تنقطع لمن ما دفع فاتورة متأخرة، سدد عهالرابط,0,0,1,0,0,0,0,0,0,0
ربحت عربة تسوق بـ500 ألف من متجرنا، اكد عنوانك للتوصيل,0,0,1,0,0,0,0,0,0,0
شركة الاتصالات: خطك بحاجة ترقية، ابعت الكود للترقية المجانية,0,0,1,0,0,0,0,0,0,0
وكالة سفر: رحلتك محجوزة لكن في مشكلة بالدفع، تواصل فوراً,0,0,1,0,0,0,0,0,0,0
مبروك فزت بشقة بالإسكان الشبابي، ادفع مصاريف التسجيل هلق,0,0,1,0,0,0,0,0,0,0
تطبيق واتساب رح يصبح مدفوع الشهر الجاي، فعّل مجاناً هلق,0,0,1,0,0,0,0,0,0,0
صديقك عرضك على وظيفة ممتازة، ادفع رسوم الملف الأول فقط,0,0,1,0,0,0,0,0,0,0
الدفاع المدني: تم تسجيل بلاغ باسمك، راجع الرابط لمعرفة التفاصيل,0,0,1,0,0,0,0,0,0,0
اشتريت سلعة بالنت؟ المبلغ محجوز، ابعت الكود لتأكيد الاستلام,0,0,1,0,0,0,0,0,0,0
منح دراسية مجانية لكل السوريين، سجل هلق قبل انتهاء المدة,0,0,1,0,0,0,0,0,0,0
ربحت مبلغ كبير من قرعة الجوال، تصل الجايزة بعد دفع الرسوم,0,0,1,0,0,0,0,0,0,0
تحذير: رقمك الموبايل مسجل بجريمة، تواصل مع مديرية الشرطة,0,0,1,0,0,0,0,0,0,0
مرحبا أخوك بالخارج وبحاجة مساعدة مالية عاجلة، حوّل هلق,0,0,1,0,0,0,0,0,0,0
شركة PayPal: حسابك معلق، أكد هويتك عهالرابط خلال ساعة,0,0,1,0,0,0,0,0,0,0
النقابة: عليك غرامة لعدم تجديد اشتراكك، ادفع عهالرابط هلق,0,0,1,0,0,0,0,0,0,0
مبروك رقمك فاز بسيارة من سيريتل، تواصل لترتيب الاستلام,0,0,1,0,0,0,0,0,0,0
صندوق التوفير: رصيدك القديم ما استلمتو، اطلبو قبل انتهاء المدة,0,0,1,0,0,0,0,0,0,0
شركة ابل: آيفونك تعرض لاختراق، غير كلمة السر عهالرابط فوراً,0,0,1,0,0,0,0,0,0,0
إدارة المرور: عندك مخالفة غير مدفوعة، سددها هلق لتجنب التضاعف,0,0,1,0,0,0,0,0,0,0
الامن السيبراني: حسابك مخترق، اتصل لمساعدتك في تأمينه,0,0,1,0,0,0,0,0,0,0
بنك عودة: استخدام غير مصرح لبطاقتك، أوقف العملية عهالرابط,0,0,1,0,0,0,0,0,0,0
مرحبا معك خبير استثمار، فرصة عمر لا تعوض بالذهب والفوركس,0,0,1,0,0,0,0,0,0,0
المديرية: يجب مراجعة سجلك المدني قبل نهاية الشهر، رابط هون,0,0,1,0,0,0,0,0,0,0
ربحت جهاز لابتوب بسحب المدرسة، ابعت بياناتك لاستلام الجايزة,0,0,1,0,0,0,0,0,0,0
حوالتك الخارجية وصلت لكن بحاجة رسوم تحويل، ادفع عهالرابط,0,0,1,0,0,0,0,0,0,0
شركة الغاز: فاتورتك غير مدفوعة، سدد قبل القطع عهالرابط,0,0,1,0,0,0,0,0,0,0
تم اختيارك للمشاركة بمشروع وطني كبير، أرسل معلوماتك هلق,0,0,1,0,0,0,0,0,0,0
مستحقاتك التقاعدية جاهزة، سجل بياناتك البنكية لتحويلها,0,0,1,0,0,0,0,0,0,0
جوالك مسروق بياناته، غير رمز الإيمي فوراً عهالرابط الرسمي,0,0,1,0,0,0,0,0,0,0
مرحبا بائع شنط بالنت، حول العربون وبرسل لك مع السائق,0,0,1,0,0,0,0,0,0,0
ميزة جديدة من واتساب، فعّلها عبر ابعات الكود الخاص بك هلق,0,0,1,0,0,0,0,0,0,0
اتحاد العمال: مكافأتك السنوية جاهزة، سجل حسابك البنكي هلق,0,0,1,0,0,0,0,0,0,0
ربحت في مسابقة الأذكياء بالإذاعة، اتصل هلق لتأكيد فوزك,0,0,1,0,0,0,0,0,0,0
موقع التسوق: حسابك مخترق، أعد تفعيله ببياناتك البنكية هلق,0,0,1,0,0,0,0,0,0,0
المؤسسة العسكرية: عندك رتبة مالية معلقة، تواصل عهالرقم فوراً,0,0,1,0,0,0,0,0,0,0
شركة الجوال تعطيك بيانات مجانية، ابعت الكود المرسل لك هلق,0,0,1,0,0,0,0,0,0,0
ربحت بيتاً بالقرعة العقارية، ادفع رسوم التسجيل لتأكيد فوزك,0,0,1,0,0,0,0,0,0,0
حسابك ببنك التسليف مجمد لعدم النشاط، تواصل لإعادة تفعيله,0,0,1,0,0,0,0,0,0,0
منظمة دولية توفر منح للشباب السوري، سارع للتسجيل عهالرابط,0,0,1,0,0,0,0,0,0,0
ابنتك بالمدرسة تعرضت لمشكلة، تواصل مع مديرة المدرسة هلق,0,0,1,0,0,0,0,0,0,0
الخطوط السورية: تم إلغاء رحلتك، استرد تذكرتك عهالرابط,0,0,1,0,0,0,0,0,0,0
مرحبا اشتريت سلعة منك بالنت وبدي ارسلك الدفع الإلكتروني,0,0,1,0,0,0,0,0,0,0
جمعية خيرية: تبرعات رمضان ابدأ من الآن، حوّل مساهمتك هلق,0,0,1,0,0,0,0,0,0,0
تم اكتشاف تسريب لبياناتك الشخصية، غيرها فوراً عهالرابط,0,0,1,0,0,0,0,0,0,0
مكافأة ولاء: اشتريت بـ100 ألف وربحت 500 ألف إضافية، استلمها,0,0,1,0,0,0,0,0,0,0
معك محامي، موكلك الراحل خلّف لك ميراث، ابعت وثائقك هلق,0,0,1,0,0,0,0,0,0,0
شركة الطيران الإماراتية: فزت بتذكرة دولية، اكد هويتك فوراً,0,0,1,0,0,0,0,0,0,0
البنك المركزي: عملتك الأجنبية بحاجة إعادة تسجيل، تواصل هلق,0,0,1,0,0,0,0,0,0,0
ربحت جائزة الكفاءة من الدولة، استلمها بعد دفع رسوم رمزية,0,0,1,0,0,0,0,0,0,0
مرحبا عم اشتغل بالخارج وبدي اشتري بيتاً بسوريا، ممكن تساعدني,0,0,1,0,0,0,0,0,0,0
تطبيق توصيل الأكل يعطيك كوبون 200 ألف، فعّله عهالرابط هلق,0,0,1,0,0,0,0,0,0,0
معك جمارك المطار، في شحنة باسمك، ادفع رسوم التخليص هلق,0,0,1,0,0,0,0,0,0,0
شركة نبيل: اشتريت منتجاتنا 10 مرات وربحت جايزة كبيرة,0,0,1,0,0,0,0,0,0,0
بيتك مسجل بمخالفة بناء، ادفع الغرامة هلق لتجنب الهدم,0,0,1,0,0,0,0,0,0,0
منح الأمم المتحدة: تم اختيارك، أرسل وثائقك لاستكمال الملف,0,0,1,0,0,0,0,0,0,0
حسابك الجديد بالمصرف جاهز، فعّله ببياناتك الشخصية هالرابط,0,0,1,0,0,0,0,0,0,0
الحكومة الجديدة فاشلة متل القديمة وكلهم سرّاق ما بيفرقوا عن بعض,0,0,0,1,0,0,0,0,0,0
شو استفدنا من التغيير؟ نفس الوجوه ونفس الفساد بس بأسماء جديدة,0,0,0,1,0,0,0,0,0,0
كلهم لصوص بيتقاسموا البلد بيناتهم واحنا الشعب يلي عم ندفع التمن,0,0,0,1,0,0,0,0,0,0
المظاهرات لازم ترجع، ما رح نسكت عن حقوقنا يلي انسرقت منا,0,0,0,1,0,0,0,0,0,0
الوضع السياسي رح ينفجر قريباً، الناس ما عاد فيها تتحمل أكتر,0,0,0,1,0,0,0,0,0,0
ا.ل.ح.ك.و.م.ة بتكذب علينا والإعلام كلو مأجور ما بيقول الحقيقة,0,0,0,1,0,0,0,0,0,0
المعارضة والموالاة وجهين لعملة وحدة، كلهم بيشتغلوا لمصالحهم بس,0,0,0,1,0,0,0,0,0,0
انتخابات شكلية والنتيجة معروفة سلفاً، ليش عم نضيع وقتنا فيها,0,0,0,1,0,0,0,0,0,0
البلد عم تنهب من كل الجهات والمسؤولين عم يهربوا أموالهم برا,0,0,0,1,0,0,0,0,0,0
شعب جوعان وحكام عايشين برفاهية، هاد الظلم لازم يوقف بأي طريقة,0,0,0,1,0,0,0,0,0,0
كل الأحزاب بتستغل الدين والطائفة لتوصل للسلطة وتنسانا بعدها,0,0,0,1,0,0,0,0,0,0
الثورة ما خلصت، احنا لسا عم ندفع تمن أحلامنا بالحرية والكرامة,0,0,0,1,0,0,0,0,0,0
المسؤولين بيوعدونا بالإصلاح وكل سنة الوضع بيصير أسوأ من قبل,0,0,0,1,0,0,0,0,0,0
و.ي.ن راحت أموال إعادة الإعمار؟ الكل بيعرف بس محدا بيجرؤ يحكي,0,0,0,1,0,0,0,0,0,0
الدستور بينكتب ع مقاس الحاكم، مافي عدالة ولا قانون بهالبلد,0,0,0,1,0,0,0,0,0,0
احنا محكومين من عصابة بتلبس بدلات رسمية، الفرق بس بالشكل,0,0,0,1,0,0,0,0,0,0
كل يوم بيطلعوا علينا بقرارات بتزيد فقرنا وهنّي عايشين بقصور,0,0,0,1,0,0,0,0,0,0
السياسيين بيتاجروا بدمنا ودموعنا لحتى يضلوا متربعين عكراسيهم,0,0,0,1,0,0,0,0,0,0
ما في معارضة حقيقية، كلهم متفقين تحت الطاولة وبيمثلوا علينا,0,0,0,1,0,0,0,0,0,0
البلد صارت مقسومة بين دول كبرى وقرارنا مو بإيدنا من زمان,0,0,0,1,0,0,0,0,0,0
الفساد وصل لكل مفصل بالدولة، من أصغر موظف لأكبر مسؤول كلهم سوا,0,0,0,1,0,0,0,0,0,0
شو ناطرين من حكومة جاية ع دبابة؟ ما رح تجيب غير الدمار,0,0,0,1,0,0,0,0,0,0
ا.ل.ا.ن.ت.خ.ا.ب.ات مزورة والنتيجة محسومة قبل ما نصوت أصلاً,0,0,0,1,0,0,0,0,0,0
الشعب صار بيخاف يحكي رأيو، وهاد أكبر دليل ع فشل الحكم وظلمو,0,0,0,1,0,0,0,0,0,0
كل المناصب بتتوزع بالمحسوبية والواسطة، الكفاءة ما لها مكان عنا,0,0,0,1,0,0,0,0,0,0
وعدونا بدولة القانون وطلعت دولة الأقوى ياخد كل شي والباقي يتفرج,0,0,0,1,0,0,0,0,0,0
النظام بيستخدم الطائفية ليفرقنا ويضل ماسك السلطة، فهموها زباين,0,0,0,1,0,0,0,0,0,0
الإعلام الرسمي بيجمل الواقع ونحنا عايشين بجحيم ما بينحكى عنو,0,0,0,1,0,0,0,0,0,0
محدا بيحاسب المسؤول الكبير، القانون بس عالفقير والضعيف بهالبلد,0,0,0,1,0,0,0,0,0,0
و.ي.ن الديمقراطية يلي وعدونا فيها؟ نفس القمع بس بوش جديد,0,0,0,1,0,0,0,0,0,0
البلد بتنباع بالمزاد العلني والشعب عم يتفرج بصمت من قهرو,0,0,0,1,0,0,0,0,0,0
كل المساعدات الدولية بتروح بجيوب الحيتان والشعب ما بيشوف منها فلس,0,0,0,1,0,0,0,0,0,0
السلطة بتقمع كل صوت معارض وبتسمي المطالبة بالحقوق خيانة عظمى,0,0,0,1,0,0,0,0,0,0
احنا شعب مغلوب ع أمرو، بنتحكم من برا وبنندفع للداخل بالقمع,0,0,0,1,0,0,0,0,0,0
المحاكم مسيسة والأحكام بتتفصل ع مقاس السلطة، وين العدالة؟,0,0,0,1,0,0,0,0,0,0
كل حكومة بتيجي بتحط حالها فوق القانون وبتنسى وعودها للشعب فوراً,0,0,0,1,0,0,0,0,0,0
ا.ل.م.س.ؤ.و.ل.ي.ن بيهربوا أموالنا لبنوك برا والبلد عم تنهار,0,0,0,1,0,0,0,0,0,0
شو معنى الوطنية لما المسؤول بيسرق ويهرب وبيخلي الشعب يجوع؟,0,0,0,1,0,0,0,0,0,0
الانقسام السياسي عم يدمرنا أكتر من أي عدو خارجي، فرقونا ليحكمونا,0,0,0,1,0,0,0,0,0,0
البرلمان مجرد ديكور، القرارات بتتاخد بغرف مغلقة بعيد عن الشعب,0,0,0,1,0,0,0,0,0,0
كل وعود الإصلاح كذب بكذب، الواقع بيزداد سوءاً وهنّي بيتفرجوا,0,0,0,1,0,0,0,0,0,0
الحرية صارت جريمة والصمت صار فضيلة بنظر اللي ماسكين السلطة,0,0,0,1,0,0,0,0,0,0
احنا ضحية صراع الكبار، بيلعبوا بمصيرنا ونحنا مجرد أرقام عندهم,0,0,0,1,0,0,0,0,0,0
و.ل.ك السياسة كلها مسرحية والشعب هو الضحية الوحيدة بهالتمثيلية,0,0,0,1,0,0,0,0,0,0
المعارضة بالخارج عايشة بالفنادق ونحنا بالداخل عم ندفع تمن مواقفهم,0,0,0,1,0,0,0,0,0,0
كل نظام بيوعد بالتغيير وبيطلع أسوأ من يلي قبلو، تعبنا من الكذب,0,0,0,1,0,0,0,0,0,0
الطبقة الحاكمة بتزداد غنى والشعب بيزداد فقر، هاد مو وطن هاد سجن,0,0,0,1,0,0,0,0,0,0
محدا بيمثلنا حقيقة، الكل بيركب موجة الشعب ليوصل وبعدين بينسانا,0,0,0,1,0,0,0,0,0,0
الدولة فاشلة بكل شي إلا بقمع شعبها والتفنن بإفقاره أكتر فأكتر,0,0,0,1,0,0,0,0,0,0
بدنا دولة مدنية تحترم المواطن، مو دولة بتعامل شعبها متل العبيد,0,0,0,1,0,0,0,0,0,0
كل وعود الحكومة كذب، الأسعار عم تطير والرواتب ع حالها من سنين,0,0,0,1,0,0,0,0,0,0
شو استفدنا من كل التغييرات؟ نفس الفقر ونفس القهر بس بعناوين جديدة,0,0,0,1,0,0,0,0,0,0
المسؤولين عايشين بقصور والشعب عم يموت ع رغيف الخبز، هاد عدل؟,0,0,0,1,0,0,0,0,0,0
لازم نطالب بحقوقنا بصوت عالي، السكوت عن الظلم صار جريمة بحقنا,0,0,0,1,0,0,0,0,0,0
البلد ماشية ع حافة الانفجار، الناس تعبت وما عاد فيها تتحمل أكتر,0,0,0,1,0,0,0,0,0,0
ا.ل.ا.ع.لام كلو مأجور بيجمل الواقع ويخبي الحقيقة عن الشعب,0,0,0,1,0,0,0,0,0,0
كل الأطراف السياسية بتتقاسم المغانم واحنا الشعب يلي عم ندفع الفاتورة,0,0,0,1,0,0,0,0,0,0
الانتخابات مسرحية والنتيجة محسومة، ليش عم نمثل عحالنا ونصوت؟,0,0,0,1,0,0,0,0,0,0
أموال البلد عم تنهب والمسؤولين بيهربوها برا والشعب عم يتسول,0,0,0,1,0,0,0,0,0,0
الفقير عم يزيد فقر والغني بيزيد غنى، هاد نظام ظالم لازم يتغير,0,0,0,1,0,0,0,0,0,0
بيستغلوا الطائفية والدين ليوصلوا للكراسي وبعدين بينسوا كل وعودهم,0,0,0,1,0,0,0,0,0,0
الحرية صارت حلم بعيد، كل من بيحكي بيتهم بالخيانة ويتسكت بالقوة,0,0,0,1,0,0,0,0,0,0
وعدونا بإعادة الإعمار وين راحت المليارات؟ بجيوب الحيتان طبعاً,0,0,0,1,0,0,0,0,0,0
و.ي.ن العدالة لما القانون بس عالفقير والكبير فوق المحاسبة؟,0,0,0,1,0,0,0,0,0,0
الدستور بينكتب ع مزاج الحاكم، ما في قانون حقيقي يحمي المواطن,0,0,0,1,0,0,0,0,0,0
احنا محكومين من طبقة فاسدة بتلبس بدلات رسمية وبتسرق باسم الوطن,0,0,0,1,0,0,0,0,0,0
كل يوم قرارات جديدة بتزيد عذابنا وهنّي عايشين برفاهية ع حسابنا,0,0,0,1,0,0,0,0,0,0
السياسيين بيتاجروا بدمنا ودموعنا ليضلوا متربعين عكراسي السلطة,0,0,0,1,0,0,0,0,0,0
ما في معارضة حقيقية، كلهم متفقين سراً وبيلعبوا أدوار قدام الكاميرا,0,0,0,1,0,0,0,0,0,0
قرار البلد مو بإيدنا، الدول الكبرى بتلعب بمصيرنا ونحنا نتفرج بصمت,0,0,0,1,0,0,0,0,0,0
الفساد متغلغل بكل مفصل من الدولة، من أصغر موظف لأكبر مسؤول,0,0,0,1,0,0,0,0,0,0
شو رح تجيب حكومة وصلت ع ظهر الدبابات غير المزيد من القمع والدمار؟,0,0,0,1,0,0,0,0,0,0
ا.ل.ا.ن.ت.خ.ا.ب.ات مزورة والفائز معروف قبل ما يفتحوا الصناديق,0,0,0,1,0,0,0,0,0,0
الشعب صار بيخاف يبدي رأيو، وهاد أكبر دليل ع فشل وظلم هالنظام,0,0,0,1,0,0,0,0,0,0
المناصب بتتوزع بالواسطة والمحسوبية، الكفاءة ما إلها قيمة بهالبلد,0,0,0,1,0,0,0,0,0,0
وعدونا بدولة القانون وطلعت دولة الأقوى ياخد كل شي والباقي يجوع,0,0,0,1,0,0,0,0,0,0
بيستخدموا التفرقة الطائفية سلاح ليفرقونا ويضلوا ماسكين رقابنا,0,0,0,1,0,0,0,0,0,0
الإعلام الرسمي بيكذب علينا ليل نهار ونحنا عايشين الجحيم الحقيقي,0,0,0,1,0,0,0,0,0,0
محدا بيحاسب المسؤول الكبير، القانون مفصّل ع مقاس الضعيف بس عنا,0,0,0,1,0,0,0,0,0,0
و.ي.ن الديمقراطية يلي وعدونا فيها؟ نفس الاستبداد بوجه جديد,0,0,0,1,0,0,0,0,0,0
البلد بتنباع بالمزاد والشعب عم يتفرج بصمت مكسور من شدة القهر,0,0,0,1,0,0,0,0,0,0
المساعدات الدولية بتروح بجيوب الفاسدين والشعب ما بيشوف منها فلس,0,0,0,1,0,0,0,0,0,0
السلطة بتقمع كل صوت حر وبتسمي المطالبة بالحقوق إرهاب وخيانة,0,0,0,1,0,0,0,0,0,0
احنا شعب مغلوب ع أمرو، بنتحكم من الخارج وبنتقمع من الداخل,0,0,0,1,0,0,0,0,0,0
المحاكم صارت أداة بإيد السلطة، الأحكام بتتفصل حسب مصلحة الحاكم,0,0,0,1,0,0,0,0,0,0
كل حكومة بتيجي بتنسى وعودها بأول يوم وبتحط حالها فوق كل القوانين,0,0,0,1,0,0,0,0,0,0
ا.ل.م.س.ؤ.و.ل.ي.ن بيهربوا أموالنا لبنوك الخارج والبلد عم تنهار,0,0,0,1,0,0,0,0,0,0
شو معنى الوطنية لما الكبير بيسرق ويهرب وبيخلي الشعب يجوع ويتعذب؟,0,0,0,1,0,0,0,0,0,0
الانقسام السياسي عم يدمرنا أكتر من أي عدو، فرقونا عشان يحكمونا أسهل,0,0,0,1,0,0,0,0,0,0
البرلمان مجرد ديكور، القرارات الحقيقية بتتاخد بغرف مغلقة بعيد عنا,0,0,0,1,0,0,0,0,0,0
كل وعود الإصلاح حبر ع ورق، الواقع بيزداد سوءاً كل يوم بيمر,0,0,0,1,0,0,0,0,0,0
الصمت صار فضيلة والكلام صار جريمة بنظر اللي ماسكين زمام السلطة,0,0,0,1,0,0,0,0,0,0
احنا ضحية صراع المصالح الكبرى، بيلعبوا بمصيرنا ونحنا مجرد أرقام,0,0,0,1,0,0,0,0,0,0
و.ل.ك السياسة كلها تمثيلية والشعب هو الضحية الوحيدة فيها دايماً,0,0,0,1,0,0,0,0,0,0
المعارضة بالخارج عايشة بالرفاهية ونحنا بالداخل عم ندفع تمن مواقفهم,0,0,0,1,0,0,0,0,0,0
كل نظام بيوعد بالتغيير وبيطلع أسوأ من السابق، خلصنا من الكذب,0,0,0,1,0,0,0,0,0,0
الطبقة الحاكمة بتزداد ثراء والشعب بيزداد بؤس، هاد سجن مو وطن,0,0,0,1,0,0,0,0,0,0
محدا بيمثلنا فعلاً، الكل بيركب موجة معاناة الشعب ليوصل وبعدين بينسانا,0,0,0,1,0,0,0,0,0,0
الدولة فشلت بكل شي إلا بقمع شعبها والتفنن بإفقاره وإذلالو كل يوم,0,0,0,1,0,0,0,0,0,0
بدنا دولة بتحترم المواطن وتأمنلو حياة كريمة، مو دولة بتعاملنا متل العبيد,0,0,0,1,0,0,0,0,0,0
كل الأحزاب وجهان لعملة واحدة اسمها الفساد والسرقة,0,0,0,1,0,0,0,0,0,0
الشعب جوعان والوزرا عايشين بالقصور، هيك دولة ما تنحكم,0,0,0,1,0,0,0,0,0,0
الانتخابات مسرحية والنتيجة معروفة قبل ما نطلع نصوت,0,0,0,1,0,0,0,0,0,0
يلي ما راح ع المظاهرة هو شريك بهالظلم ومسؤول عنو,0,0,0,1,0,0,0,0,0,0
الإعلام الرسمي عبد للسلطة وما قال الحقيقة يوم من الأيام,0,0,0,1,0,0,0,0,0,0
القضاء مسيّس والأحكام تتقرر بالواسطة وليس بالعدالة,0,0,0,1,0,0,0,0,0,0
الدستور الجديد تفصيل على قد الحاكم وما إلو علاقة بالشعب,0,0,0,1,0,0,0,0,0,0
كل من يختلف مع السلطة بيتهم بالخيانة والإرهاب,0,0,0,1,0,0,0,0,0,0
البرلمان مجلس دمى تصوت لصالح من أوصلها ومو للشعب,0,0,0,1,0,0,0,0,0,0
المعارضة اللي بالخارج أكلت وشربت وعيشت ونسيت الداخل,0,0,0,1,0,0,0,0,0,0
الحكومة بتكذب عالأرقام الاقتصادية وتخفي الواقع المر,0,0,0,1,0,0,0,0,0,0
السياسيين مسرحيين بيمثلوا دور المصلح وهنّي الفاسد الأول,0,0,0,1,0,0,0,0,0,0
المؤسسات الدولية بتتدخل بشؤوننا وتفرض علينا أجندتها,0,0,0,1,0,0,0,0,0,0
الفساد بوصل لكل مفصل بالدولة من صغيرها لكبيرها,0,0,0,1,0,0,0,0,0,0
الثورة خانها قادتها وأصبحت أداة بيد قوى خارجية,0,0,0,1,0,0,0,0,0,0
اللجان الثورية صارت تجار حرب يعيشوا على الأزمة,0,0,0,1,0,0,0,0,0,0
الجيش يحمي السلطة ومو الوطن والشعب هو الضحية,0,0,0,1,0,0,0,0,0,0
المساعدات الإنسانية تسرقها الأحزاب قبل ما توصل للمحتاجين,0,0,0,1,0,0,0,0,0,0
السلطة بتستخدم الأمن لقمع كل صوت حر ومعارض,0,0,0,1,0,0,0,0,0,0
الوزراء بيخربطوا وكل واحد بيخدم ناخبيه وليس البلد,0,0,0,1,0,0,0,0,0,0
القرار السياسي مو بإيدنا وما كان بإيدنا من زمان,0,0,0,1,0,0,0,0,0,0
اللي بيحكم البلد ما انتخبوه أحد، فرضوه علينا بالقوة,0,0,0,1,0,0,0,0,0,0
الحكومة عم تخطط لرفع الأسعار وما رح تعترف,0,0,0,1,0,0,0,0,0,0
المجتمع المدني مضيوق عليه ومو مسموح له يعمل بحرية,0,0,0,1,0,0,0,0,0,0
القمع والاعتقال التعسفي أصبح سياسة رسمية معتمدة,0,0,0,1,0,0,0,0,0,0
المسؤولون بيصرحوا بالعلن وبيعملوا عكس ما يقولوا,0,0,0,1,0,0,0,0,0,0
الشعب دفع ثمن الحرب ولسا عم يدفع والمستفيدون أقلية,0,0,0,1,0,0,0,0,0,0
الأمن يراقب كل شي والخصوصية صارت رفاهية غير متاحة,0,0,0,1,0,0,0,0,0,0
السياسة الاقتصادية دمرت الطبقة الوسطى وخلت غني وفقير,0,0,0,1,0,0,0,0,0,0
الشباب هرب من البلد لأن ما في مستقبل في ظل هالحكم,0,0,0,1,0,0,0,0,0,0
المسؤولون المفسدون بيتركوا مناصبهم بكرامة ومو بالسجن,0,0,0,1,0,0,0,0,0,0
الدولة بتعامل المواطنين كمصدر للجباية وليس كأناس بحقوق,0,0,0,1,0,0,0,0,0,0
القانون يطبق على الضعيف ويتغاضى عن القوي والمنتفع,0,0,0,1,0,0,0,0,0,0
الميزانية تذهب لتمويل المقربين ومو للخدمات الأساسية,0,0,0,1,0,0,0,0,0,0
الحكومة بتستورد ما بنحتاجه بأسعار مضخمة ومو من المنتج,0,0,0,1,0,0,0,0,0,0
الحدود مفتوحة للتهريب وموصدة أمام المواطن الشريف,0,0,0,1,0,0,0,0,0,0
وعود الإصلاح تتكرر بكل انتخابات وما تطبق أبداً,0,0,0,1,0,0,0,0,0,0
الضباط المتقاعدون بيحكموا قطاعات اقتصادية بغير كفاءة,0,0,0,1,0,0,0,0,0,0
الصحافة الحرة ممنوعة والصحفيين بيتعرضوا للاعتقال,0,0,0,1,0,0,0,0,0,0
المواطن لازم يدفع رشوة على كل معاملة رسمية,0,0,0,1,0,0,0,0,0,0
المصالح الخارجية تتحكم بالقرار أكثر من مصلحة الشعب,0,0,0,1,0,0,0,0,0,0
الأموال العامة تتبخر وما حدا محاسب ولا رح يتحاسب,0,0,0,1,0,0,0,0,0,0
المؤتمرات والقمم ما غيرت شي على الأرض ومو رح تغير,0,0,0,1,0,0,0,0,0,0
الشعب يموت بالمشافي والحكومة تبني فنادق فاخرة,0,0,0,1,0,0,0,0,0,0
التعليم متردٍّ والحكومة تبني مقرات حزبية بالمليارات,0,0,0,1,0,0,0,0,0,0
الدولة الأمنية قضت على الابداع والتفكير الحر عندنا,0,0,0,1,0,0,0,0,0,0
المحافظون بيديروا شؤون الناس دون أي محاسبة أو رقابة,0,0,0,1,0,0,0,0,0,0
القوانين تصدر لصالح التجار الكبار وتضر صغار الكسبة,0,0,0,1,0,0,0,0,0,0
الانتماء الحزبي أهم من الكفاءة بكل المناصب الحكومية,0,0,0,1,0,0,0,0,0,0
الحكومة تعترف بالأزمة فقط لما تصبح أزمة عالمية,0,0,0,1,0,0,0,0,0,0
المناطق المعارضة تحرم من الخدمات عقاباً لها على موقفها,0,0,0,1,0,0,0,0,0,0
القضاة يخضعون لضغوط السلطة ويصدرون أحكاماً بأمر,0,0,0,1,0,0,0,0,0,0
الميليشيات الموالية تعمل فوق القانون وما حدا يحاسبها,0,0,0,1,0,0,0,0,0,0
الانفتاح السياسي ما زال شعاراً لم يترجم لواقع ملموس,0,0,0,1,0,0,0,0,0,0
الرأي الآخر مجرم والنقاش السياسي الحر ممنوع,0,0,0,1,0,0,0,0,0,0
البلد يدار بعقلية الأمس وبحاجة لرؤية جديدة كلياً,0,0,0,1,0,0,0,0,0,0
المعارضة الداخلية مقيدة والخارجية فقدت صدقيتها,0,0,0,1,0,0,0,0,0,0
الحكومة تصرف ملياردات على الأجهزة الأمنية وتقطع عن التعليم,0,0,0,1,0,0,0,0,0,0
الموالاة العمياء أوصلتنا لهالحال ومو رح تخرجنا منو,0,0,0,1,0,0,0,0,0,0
النظام يستخدم الطائفية ورقة ضغط لتفريق المعارضين,0,0,0,1,0,0,0,0,0,0
الديمقراطية الحقيقية تتطلب محاسبة ولا محاسبة بهالبلد,0,0,0,1,0,0,0,0,0,0
الفساد القضائي يحمي الفاسدين ويعاقب المبلّغين عنهم,0,0,0,1,0,0,0,0,0,0
المحسوبية والواسطة قضت على الكفاءة بالخدمة المدنية,0,0,0,1,0,0,0,0,0,0
السلطة تستخدم قوانين الطوارئ ذريعة لقمع الحريات,0,0,0,1,0,0,0,0,0,0
المواطن خايف يعبر عن رأيه وهيك ما يصير بدولة حضارية,0,0,0,1,0,0,0,0,0,0
الطبقة الحاكمة تحمي مصالحها ومو مصالح الوطن والشعب,0,0,0,1,0,0,0,0,0,0
الانتماء لحزب الحكم شرط للوصول لأي وظيفة بالقطاع العام,0,0,0,1,0,0,0,0,0,0
البلد بحاجة لمحاسبة حقيقية ومو لمؤتمرات ولجان شكلية,0,0,0,1,0,0,0,0,0,0
السياسة الخارجية تخدم مصالح داعمي النظام لا مصالح الشعب,0,0,0,1,0,0,0,0,0,0
الشبيحة والبلطجية أدوات بيد السلطة لقمع الناس الشرفاء,0,0,0,1,0,0,0,0,0,0
المسؤولون الفاسدون بيقدموا أنفسهم حماة الوطن والدين,0,0,0,1,0,0,0,0,0,0
الإصلاح الحقيقي يحتاج شجاعة وهيك حكومات ما عندها,0,0,0,1,0,0,0,0,0,0
الحزب الحاكم يعتبر مصلحته مرادفة لمصلحة الوطن وهاد كذب,0,0,0,1,0,0,0,0,0,0
الأزمة الاقتصادية نتيجة فساد ممنهج وليس ظروف خارجية,0,0,0,1,0,0,0,0,0,0
المعتقلون السياسيون ينتظرون محاكمة عادلة ما رح تجي,0,0,0,1,0,0,0,0,0,0
الدولة عاجزة بالخدمات وقادرة بالقمع وهاد بالمقلوب,0,0,0,1,0,0,0,0,0,0
الاستثمار هرب بسبب الفساد والمحسوبية ومو بسبب العقوبات,0,0,0,1,0,0,0,0,0,0
الشعب دفع ثمن قرارات لم يشارك بها وما حدا سألو,0,0,0,1,0,0,0,0,0,0
النظام بيصنع أزمات عشان يبقى ضرورياً بنظر المجتمع,0,0,0,1,0,0,0,0,0,0
الحرية الاقتصادية ممنوعة بدون واسطة السلطة ومحازبيها,0,0,0,1,0,0,0,0,0,0
المصالحات السياسية مشروطة بالخضوع وليس بالعدالة,0,0,0,1,0,0,0,0,0,0
التحالفات الإقليمية تفرض علينا أجندات لا تناسب مصلحتنا,0,0,0,1,0,0,0,0,0,0
التشريعات تصدر لصالح الأثرياء وتزيد من فقر الفقراء,0,0,0,1,0,0,0,0,0,0
الدولة تجبي الضرائب وما تقدم خدمات، هاد نهب رسمي,0,0,0,1,0,0,0,0,0,0
الحكومة تحارب الفساد في الإعلام وتمارسه بكل الوزارات,0,0,0,1,0,0,0,0,0,0
الرأي العام مغيّب بإعلام موجه وشبكات تضليل ممنهجة,0,0,0,1,0,0,0,0,0,0
كل وزير جديد بيجي بتوجيه من الخارج وليس بقرار الشعب,0,0,0,1,0,0,0,0,0,0
الحكم الذاتي الحقيقي حلم والواقع هو حكم الوصاية والتدخل,0,0,0,1,0,0,0,0,0,0
الشباب الواعد يهاجر لأن ما في مكان لهم بهيك نظام,0,0,0,1,0,0,0,0,0,0
المراقبة الأمنية وصلت لكل تفاصيل الحياة الشخصية,0,0,0,1,0,0,0,0,0,0
الإفراج عن معتقل سياسي مرهون بانتمائه لا بالعدالة,0,0,0,1,0,0,0,0,0,0
الدولة بتخدم نخبة صغيرة وتهمل الأغلبية الصامتة,0,0,0,1,0,0,0,0,0,0
المصلحة الوطنية تتحول لذريعة لقمع كل معارضة شريفة,0,0,0,1,0,0,0,0,0,0
المسؤولون عن الأزمة لسا بمواقعهم وما حدا سألهم سؤالاً,0,0,0,1,0,0,0,0,0,0
الانتخابات القادمة رح تكون نسخة مكررة عن السابقة,0,0,0,1,0,0,0,0,0,0
الطبقة السياسية فقدت ثقة الشعب ولسا بتتشبث بمناصبها,0,0,0,1,0,0,0,0,0,0
إصلاح حقيقي يحتاج إرادة سياسية غير موجودة بهالبلد,0,0,0,1,0,0,0,0,0,0
رح نجي نحرق بيتك الليلة إذا ما دفعت يلي طلبناه منك,0,0,0,0,1,0,0,0,0,0
خليك مستعد، رح ترى جماعتي قريباً وما رح يكونوا لطيفين,0,0,0,0,1,0,0,0,0,0
آخر إنذار، إذا ما غيرت شهادتك رح تندم طول عمرك,0,0,0,0,1,0,0,0,0,0
بعرف وين بتشتغل ووين بيروح ولادك، فكر منيح قبل ما تتصرف,0,0,0,0,1,0,0,0,0,0
رح نخطف أخاك لما يرجع من المدرسة إذا ما دفعت هلق,0,0,0,0,1,0,0,0,0,0
إذا طلعت من بيتك اليوم بتشوف شغلنا، خليك جوا آمنلك,0,0,0,0,1,0,0,0,0,0
رح نعطيك درس ما بتنساه على سلوكك الوقح معنا بالأمس,0,0,0,0,1,0,0,0,0,0
الرصاصة اللي وصعتك رح تكون الأخيرة إذا ما كفيت,0,0,0,0,1,0,0,0,0,0
رح نحط النار بسيارتك قدام أهلك عشان يعرفوا مين إحنا,0,0,0,0,1,0,0,0,0,0
إذا شفتك قريب من بيتي تاني مرة ما رح تمشي عالرجلين,0,0,0,0,1,0,0,0,0,0
جماعتي عم تراقبك من أسبوع وعارفة كل تحركاتك، انتبه,0,0,0,0,1,0,0,0,0,0
رح نكسر محلك الليلة، هاد تحذير، بكرا رح يكون أسوأ,0,0,0,0,1,0,0,0,0,0
ابنك رح يوصل مكسور إذا ما تراجعت عن شهادتك للمحكمة,0,0,0,0,1,0,0,0,0,0
رح نروي حسابنا معك بطريقتنا، وما محتاجين قانون,0,0,0,0,1,0,0,0,0,0
هالمرة عطيناك فرصة، المرة الجاية ما رح يكون في كلام,0,0,0,0,1,0,0,0,0,0
حضر مبلغك بكرا أو رح تحضر تمنه من جسدك وأهلك,0,0,0,0,1,0,0,0,0,0
رح ندبح قطتك اللي بتحبها وبنحطها على باب بيتك,0,0,0,0,1,0,0,0,0,0
إذا ما وقفت عن مضايقتنا رح نوقف حياتك نهائياً,0,0,0,0,1,0,0,0,0,0
رح نجي خمسة رجال يعطوك حقك يلي بتستاهلو يا وقح,0,0,0,0,1,0,0,0,0,0
سلاحي جاهز وتصويبي ما بيخطئ، ابعد عن يلي بيخصنا,0,0,0,0,1,0,0,0,0,0
رح نغتصب ما بتملكو وترجع فقير زي ما جيت للدنيا,0,0,0,0,1,0,0,0,0,0
تحذير نهائي، المرة الجاية ما في كلام، في فعل بس,0,0,0,0,1,0,0,0,0,0
رح اجي بالليل ونحط حساب ما رح يخلص ع راسك,0,0,0,0,1,0,0,0,0,0
بكرا أول ما تطلع من بيتك رح تشوف هديتنا المفاجأة,0,0,0,0,1,0,0,0,0,0
إذا ما انسحبت من المشروع رح نرغمك على الانسحاب بأسلوبنا,0,0,0,0,1,0,0,0,0,0
رح نكسر إيدك على رجلك إذا لمست ولا حاجة إلنا,0,0,0,0,1,0,0,0,0,0
يوم ما بتوقع رح نجي، والمكان ما رح يحميك منا,0,0,0,0,1,0,0,0,0,0
أسمك عالقايمة، وقايمتنا ما بتطول كتير قبل ما نبدأ,0,0,0,0,1,0,0,0,0,0
رح ندفنك بحديقة بيتك إذا ما حولت يلي طلبناه منك,0,0,0,0,1,0,0,0,0,0
خليك خايف، لأن الخوف بيخليك تعيش أكثر من الشجاعة,0,0,0,0,1,0,0,0,0,0
بعثنا ناس يحرسوا بيتك عشان تعرف إنك ما إلك أمان,0,0,0,0,1,0,0,0,0,0
رح نهجم على محلك بالتوفان ونعملو خردة إذا ما دفعت,0,0,0,0,1,0,0,0,0,0
هالرسالة آخر شي رح تقراه إذا ما غيرت قرارك فوراً,0,0,0,0,1,0,0,0,0,0
رح نقتحم بيتك منتصف الليل وما رح يسمع حدا صوتك,0,0,0,0,1,0,0,0,0,0
اختار بين دفع المبلغ أو دفع ثمن أغلى كتير منو,0,0,0,0,1,0,0,0,0,0
رح نرسل صور فضايحك لأهلك وشغلتك إذا ما خضعت,0,0,0,0,1,0,0,0,0,0
جاهزين نقلب حياتك رأساً على عقب إذا ما سمعت كلامنا,0,0,0,0,1,0,0,0,0,0
ما في مكان بالمدينة بتكون فيه آمن من بعد اليوم,0,0,0,0,1,0,0,0,0,0
رح نجي عشرة رجال ونفرض احترامنا بطريقتنا الخاصة,0,0,0,0,1,0,0,0,0,0
كل ليلة رح تنام وأنت ما عارف إذا كنت رح تصحى,0,0,0,0,1,0,0,0,0,0
رح اطعنك بالسكين اللي معي إذا شفتك مرة تانية بحينا,0,0,0,0,1,0,0,0,0,0
جماعتنا ما بتتأخر، وعدناك والوعد دين، انتظرنا,0,0,0,0,1,0,0,0,0,0
رح نحرق مزروعاتك ومخزنك إذا ما رحلت عن المنطقة,0,0,0,0,1,0,0,0,0,0
كل يلي بتحبو رح يدفع تمن عنادك وعقلك الناشف,0,0,0,0,1,0,0,0,0,0
رح نعلق رأسك على باب بيتك إذا ما نفذت التعليمات,0,0,0,0,1,0,0,0,0,0
هاد آخر تحذير، بعدو ما في كلام، بس أفعال وعواقب,0,0,0,0,1,0,0,0,0,0
رح نجبرك تشرب ما طبختو بإيدك للآخرين,0,0,0,0,1,0,0,0,0,0
سيارتك رح تنفجر إذا لامست مفتاحها بعد ما نحذرك,0,0,0,0,1,0,0,0,0,0
رح ندمر سمعتك ومشروعك وبيتك بنفس الليلة,0,0,0,0,1,0,0,0,0,0
ما رح تعيش طويلاً إذا ضليت تتدخل بأمورنا وشغلنا,0,0,0,0,1,0,0,0,0,0
اشتر كفنك هلق وفر على أهلك مشقة الدفش بعدين,0,0,0,0,1,0,0,0,0,0
اذا ما رجعتلي حقي رح ندمك وما رح تشوف بكرا، انتظر يلي جاي,0,0,0,0,1,0,0,0,0,0
انتبه لحالك منيح، بعرف وين بتسكن ورح اجي وقت ما تتوقع,0,0,0,0,1,0,0,0,0,0
رح اكسر راسك اذا شفتك مرة تانية بهالحي، هاي آخر تحذير إلك,0,0,0,0,1,0,0,0,0,0
خليك مستعد، رح ندفع تمن يلي عملتو غالي وما رح ترحم,0,0,0,0,1,0,0,0,0,0
اذا ما دفعت يلي عليك رح نجي عالبيت ونعمل يلي ما بيخطر ببالك,0,0,0,0,1,0,0,0,0,0
و.ل.ك رح اكسر راسك اذا ما بطلت تتدخل بشغلي آخر تحذير,0,0,0,0,1,0,0,0,0,0
بكرا رح تشوف شو رح يصير فيك اذا ما سكتت عن هالموضوع,0,0,0,0,1,0,0,0,0,0
حضّر حالك للي جاي، ما حدا رح يحميك مني هالمرة، انتظرني,0,0,0,0,1,0,0,0,0,0
رح نحرق محلك ع راسك اذا ما دفعت الخوة متل كل التجار,0,0,0,0,1,0,0,0,0,0
اذا فتحت تمك مرة تانية رح اخليك تندم إنك انولدت، صدقني,0,0,0,0,1,0,0,0,0,0
عرفنا وين بتشتغل ورح نجيلك جماعة يأدبوك اذا ما سمعت الكلام,0,0,0,0,1,0,0,0,0,0
رح نكسرلك رجليك اذا ما رجعت المصاري يلي اخدتها، هاد وعد,0,0,0,0,1,0,0,0,0,0
خليك بالبيت أحسنلك، الشارع صار خطر عليك من بعد اليوم,0,0,0,0,1,0,0,0,0,0
ا.ذ.ا م.ا س.ك.ت رح نخليك عبرة لكل يلي بيفكر يتدخل بأمورنا,0,0,0,0,1,0,0,0,0,0
بعتلك ناس يعطوك درس ما تنساه، استنى الزيارة بأي لحظة,0,0,0,0,1,0,0,0,0,0
رح ندبحك متل الخروف اذا ما وقفت عن يلي عم تعملو ضدنا,0,0,0,0,1,0,0,0,0,0
احنا منعرف عيلتك كلها ووين بيروحوا، فكر منيح قبل ما تتحرش فينا,0,0,0,0,1,0,0,0,0,0
اذا ما طلعت من الحي خلال أسبوع رح نطلعك بطريقتنا الخاصة,0,0,0,0,1,0,0,0,0,0
رح اجي بالليل وما حدا رح يسمع صوتك، انتظر هديتي الخاصة,0,0,0,0,1,0,0,0,0,0
عندك يومين ترجع حقي وإلا رح تشوف شغلنا وما رح يعجبك,0,0,0,0,1,0,0,0,0,0
و.ل.ك رح نفجر سيارتك قدام بيتك اذا ما وقفت عن الكلام,0,0,0,0,1,0,0,0,0,0
بطل تتذاكى علينا، احنا منعرف نوصلك بأي مكان وبأي وقت,0,0,0,0,1,0,0,0,0,0
رح نخطف ابنك من المدرسة اذا ما حولت يلي طلبناه منك فوراً,0,0,0,0,1,0,0,0,0,0
حياتك بخطر اذا ضليت تشهد ضدنا، فكر بعيلتك قبل ما تحكي,0,0,0,0,1,0,0,0,0,0
رح اطعنك بالشارع قدام الكل اذا شفتك مع خطيبتي مرة تانية,0,0,0,0,1,0,0,0,0,0
جهز كفنك، عندك أسبوع بس قبل ما نجي نصفي الحساب معك نهائياً,0,0,0,0,1,0,0,0,0,0
ا.ح.ن.ا منعرف بيتك ورح نحرقو ع راسكم اذا ما طلعتو من المنطقة,0,0,0,0,1,0,0,0,0,0
رح نكسر كل عظمة بجسمك اذا ما سكت عن هالحكي نهائياً,0,0,0,0,1,0,0,0,0,0
انتبه ع روحك بالطريق، ممكن يصير معك حادث ما بتطلع منو,0,0,0,0,1,0,0,0,0,0
بعتلك تحذير أخير، اذا ما اختفيت رح نخليك تختفي بطريقتنا,0,0,0,0,1,0,0,0,0,0
رح نجي عالعرس ونخربو ع راسكم اذا ما لغيتو الخطبة فوراً,0,0,0,0,1,0,0,0,0,0
عيلتك كلها بخطر اذا ما دفعت، ما رح نرحم لا كبير ولا صغير,0,0,0,0,1,0,0,0,0,0
رح اكسر زجاج محلك كل يوم لين تدفع الخوة، هاي البداية بس,0,0,0,0,1,0,0,0,0,0
و.ل.ك ر.ح ن.ذ.ب.ح.ك اذا ما سكت عن الشهادة ضد جماعتنا,0,0,0,0,1,0,0,0,0,0
حضر حالك لزيارة ما تتمناها، رجالي رح يجوك بأي لحظة,0,0,0,0,1,0,0,0,0,0
اذا ما رحلت من الحي رح نشعل النار ببيتك وانتو نايمين,0,0,0,0,1,0,0,0,0,0
رح نعلق صورتك بكل مكان ونخليك مطلوب، حياتك رح تصير جحيم,0,0,0,0,1,0,0,0,0,0
بطل تلعب معنا، عندنا طرق تخليك تتمنى الموت اذا ما سمعت,0,0,0,0,1,0,0,0,0,0
رح نكسر سيارتك ونكسرك معها اذا ما وقفت عن مضايقتنا فوراً,0,0,0,0,1,0,0,0,0,0
ا.ن.ت.ب.ه رح نوصلك لبيتك ونعملك يلي بتستاهلو يا خاين,0,0,0,0,1,0,0,0,0,0
عندك ليلة وحدة تفكر، بكرا رح نجي ونصفي الحساب بطريقتنا,0,0,0,0,1,0,0,0,0,0
رح اطلق النار ع محلك اذا ما دفعت يلي عليك بآخر الأسبوع,0,0,0,0,1,0,0,0,0,0
احنا مو عم نمزح، حياتك صارت رخيصة عنا اذا ما سمعت الكلام,0,0,0,0,1,0,0,0,0,0
رح نخليك تتسول بالشارع بعد ما نحرق كل يلي بتملكو، انتظر,0,0,0,0,1,0,0,0,0,0
اذا ما اعتذرت قدام الكل رح اكسر فيك حتى تتعلم احترام الناس,0,0,0,0,1,0,0,0,0,0
و.ل.ك رح نفجر محلك بالليل اذا ما طلعت من السوق نهائياً,0,0,0,0,1,0,0,0,0,0
جماعتي بانتظار إشارة مني ليجوا يأدبوك، فكر منيح بقرارك,0,0,0,0,1,0,0,0,0,0
رح نلاحقك لآخر الدنيا ونعملك يلي ما رح تتخيلو اذا هربت,0,0,0,0,1,0,0,0,0,0
عندك ساعة ترجع المصاري وإلا رح نجي ع البيت ونكسر كل شي,0,0,0,0,1,0,0,0,0,0
حياتك بإيدي هلق، اذا ما عملت يلي بدي ياه رح تندم لآخر يوم,0,0,0,0,1,0,0,0,0,0
اذا ما طلعت من الشركة بكرا رح نجي نطلعك بالقوة، هاد آخر إنذار,0,0,0,0,1,0,0,0,0,0
بعرف مدرسة ولادك، فكر منيح قبل ما تكمل بهالطريق يلي اخترتو,0,0,0,0,1,0,0,0,0,0
رح نكسر زجاج سيارتك كل يوم لحتى تفهم إنك مو مرغوب فيك هون,0,0,0,0,1,0,0,0,0,0
عندك 48 ساعة ترد المبلغ وإلا رح نجي ونصفي الحساب بطريقتنا,0,0,0,0,1,0,0,0,0,0
خليك بعيد عن المحل اذا بتحب سلامتك، الشارع صار خطر عليك هلق,0,0,0,0,1,0,0,0,0,0
رح نلاحقك لحتى تدفع يلي عليك، ما في مكان رح تختبي فيه مننا,0,0,0,0,1,0,0,0,0,0
ا.ذ.ا م.ا س.ك.ت رح نخليك عبرة لكل من بيفكر يقف بطريقنا,0,0,0,0,1,0,0,0,0,0
بعتلك ناس يأدبوك اذا ما تراجعت عن شهادتك، انتظرهم بأي لحظة,0,0,0,0,1,0,0,0,0,0
رح نحرق محلك ع راسك اذا ما دفعت الحماية متل باقي التجار بالسوق,0,0,0,0,1,0,0,0,0,0
حضر حالك، رجالي رح يجوك بوقت ما تتوقعو، ما رح تشوفهم جايين,0,0,0,0,1,0,0,0,0,0
اذا فتحت تمك مرة تانية بهالموضوع رح نخليك تندم إنك انولدت,0,0,0,0,1,0,0,0,0,0
بكرا رح تشوف شو رح يصير فيك وبعيلتك اذا ما وقفت عن الكلام,0,0,0,0,1,0,0,0,0,0
رح نكسر رجليك وايديك اذا شفناك مرة تانية بهالحي، هاد وعد مننا,0,0,0,0,1,0,0,0,0,0
عندك ليلة وحدة تفكر بقرارك، بكرا رح نجي وما رح يكون في رجعة,0,0,0,0,1,0,0,0,0,0
ا.ح.ن.ا منعرف وين بتسكن ووين بيروح ولادك كل يوم، انتبه لحالك,0,0,0,0,1,0,0,0,0,0
رح نفجر محلك بالليل اذا ما طلعت من السوق نهائياً خلال أسبوع,0,0,0,0,1,0,0,0,0,0
خليك بالبيت أحسنلك، اذا طلعت ما رح ترجع سالم، هاد تحذير أخير,0,0,0,0,1,0,0,0,0,0
رح نخطف ولدك من قدام المدرسة اذا ما حولت المبلغ يلي طلبناه فوراً,0,0,0,0,1,0,0,0,0,0
حياتك بخطر اذا ضليت تشهد ضدنا، فكر بعيلتك قبل ما تفتح تمك,0,0,0,0,1,0,0,0,0,0
رح نجي ع العرس ونخربو ع راسكم اذا ما لغيتو هالزواج بسرعة,0,0,0,0,1,0,0,0,0,0
بطل تتذاكى علينا، عندنا طرق تخليك تتمنى لو ما عرفتنا أبداً,0,0,0,0,1,0,0,0,0,0
رح نطلق النار ع واجهة محلك اذا ما دفعت بآخر هالأسبوع، انتبه,0,0,0,0,1,0,0,0,0,0
ا.ن.ت.ب.ه ع روحك بالطريق، ممكن يصير معك حادث ما بتطلع منو,0,0,0,0,1,0,0,0,0,0
رجالي بانتظار إشارة مني ليجوا يصفوا الحساب معك، فكر منيح,0,0,0,0,1,0,0,0,0,0
رح نكسر كل عظمة بجسمك اذا ما سكت عن هالحكي ووقفت عن التدخل,0,0,0,0,1,0,0,0,0,0
حضر كفنك، ما بقى إلك وقت طويل اذا ما عملت يلي بدنا ياه فوراً,0,0,0,0,1,0,0,0,0,0
رح نحرق بيتك وانتو نايمين اذا ما رحلتو من الحي خلال أسبوع,0,0,0,0,1,0,0,0,0,0
عيلتك كلها بخطر اذا ما دفعت، ما رح نفرق بين كبير وصغير، انتبه,0,0,0,0,1,0,0,0,0,0
رح نلاحقك لآخر الدنيا اذا هربت، ما في مكان رح يحميك مننا أبداً,0,0,0,0,1,0,0,0,0,0
ا.ذ.ا م.ا اعتذرت قدام الكل رح نكسر فيك لتتعلم احترام الناس,0,0,0,0,1,0,0,0,0,0
بعتلك تحذير أخير، اذا ما اختفيت رح نخليك تختفي بطريقتنا الخاصة,0,0,0,0,1,0,0,0,0,0
رح نعلق صورتك بكل مكان ونخليك مطلوب، حياتك رح تصير جحيم بعد اليوم,0,0,0,0,1,0,0,0,0,0
اذا ما رحلت من المنطقة رح نشعل النار بمحلك وبيتك بنفس الليلة,0,0,0,0,1,0,0,0,0,0
عندك ساعة ترجع يلي اخدتو وإلا رح نجي ع البيت ونكسر كل شي فيه,0,0,0,0,1,0,0,0,0,0
رح نطعنك بالشارع قدام الكل اذا شفناك مرة تانية بهالمنطقة، انتبه,0,0,0,0,1,0,0,0,0,0
حياتك صارت رخيصة عنا اذا ما سمعت الكلام، احنا مو عم نمزح معك,0,0,0,0,1,0,0,0,0,0
ا.ح.ن.ا منعرف بيتك ورح نحرقو اذا ما طلعتو من الحي بسرعة,0,0,0,0,1,0,0,0,0,0
رح نخليك تتسول بالشارع بعد ما نحرق كل يلي بتملكو، انتظر يلي جاي,0,0,0,0,1,0,0,0,0,0
جماعتي رح يجوك بكرا يعطوك درس ما تنساه طول عمرك، استعد,0,0,0,0,1,0,0,0,0,0
عندك يومين تختفي من المدينة وإلا رح نخليك تختفي بطريقتنا، فهمت؟,0,0,0,0,1,0,0,0,0,0
رح نفجر سيارتك قدام بيتك اذا ما سحبت شكواك ضدنا خلال يومين,0,0,0,0,1,0,0,0,0,0
حياتك بإيدنا هلق، اذا ما عملت يلي بدنا ياه رح تندم لآخر يوم بعمرك,0,0,0,0,1,0,0,0,0,0
ر.ح ن.ذ.ب.ح.ك متل الخروف اذا ما سكت عن الشهادة ضد جماعتنا,0,0,0,0,1,0,0,0,0,0
رح نخطف أختك ونخليكم تدفعوا تمن غلطتك غالي اذا ما تراجعت فوراً,0,0,0,0,1,0,0,0,0,0
احنا منعرف كل تحركاتك، أحسنلك تختفي قبل ما نجي نأدبك بطريقتنا,0,0,0,0,1,0,0,0,0,0
رح نشعل النار بمحلك بالنهار قدام الكل اذا ما دفعت الخوة، انتبه,0,0,0,0,1,0,0,0,0,0
عندك ليلة لتقرر، اما تختفي أو نخليك تختفي للأبد، الخيار إلك,0,0,0,0,1,0,0,0,0,0
رح نلاحق عيلتك كلها اذا ما وقفت عن الحكي، ما حدا منهم رح يسلم,0,0,0,0,1,0,0,0,0,0
حضر حالك لزيارة ما تتمناها، رجالي رح يجوك بأي لحظة ما تتوقعها,0,0,0,0,1,0,0,0,0,0
دينهم باطل وعقيدتهم منحرفة، احنا الفرقة الناجية الوحيدة وهنّي ضالين,0,0,0,0,0,1,0,0,0,0
هالمذهب كلو بدع وضلالات، اللي بيتبعو خارج عن الدين الصحيح,0,0,0,0,0,1,0,0,0,0
طقوسهم الدينية كفر صريح ولازم تنمنع، هنّي بيشوهوا الدين الحقيقي,0,0,0,0,0,1,0,0,0,0
معتقداتهم خرافات وشركيات، ما إلهم علاقة بالدين الصحيح أبداً,0,0,0,0,0,1,0,0,0,0
ا.ل.م.ذ.ه.ب التاني كلو ضلال وأهلو رح يتحرقوا بجهنم نهائياً,0,0,0,0,0,1,0,0,0,0
عباداتهم باطلة وصلاتهم ما بتنقبل، هنّي أبعد ما يكونوا عن الحق,0,0,0,0,0,1,0,0,0,0
هالطائفة بتعبد غير الله وبتقدس البشر، هاد كفر بواح ما بينغفر,0,0,0,0,0,1,0,0,0,0
رجال دينهم دجالين بيضحكوا ع الناس وبيحرفوهم عن الصراط المستقيم,0,0,0,0,0,1,0,0,0,0
احتفالاتهم الدينية بدعة وكفر، لازم تنمنع وتنحارب بكل الوسائل,0,0,0,0,0,1,0,0,0,0
كتبهم محرفة وعقيدتهم فاسدة، اللي بيتبعهم بيخسر دينو ودنياه,0,0,0,0,0,1,0,0,0,0
هالفرقة ضالة ومضلة، بتنشر الفتنة والكفر بين المسلمين، احذروهم,0,0,0,0,0,1,0,0,0,0
مساجدهم ما إلها قيمة وعباداتهم باطلة، هنّي مرتدين عن الدين الحق,0,0,0,0,0,1,0,0,0,0
عقيدتهم مبنية ع الكذب والخرافات، اللي بيصدقهم بيضل بالظلام,0,0,0,0,0,1,0,0,0,0
و.ل.ك ه.الطائفة كلها كفار ومرتدين ما بيستاهلوا اسم المسلمين,0,0,0,0,0,1,0,0,0,0
شيوخهم بيحللوا الحرام وبيحرموا الحلال، دينهم كلو تلاعب وضلال,0,0,0,0,0,1,0,0,0,0
هالمذهب بيقدس قبور ويعبد أضرحة، هاد شرك صريح ما بينغفر أبداً,0,0,0,0,0,1,0,0,0,0
طريقتهم بالعبادة منحرفة وبدعة، الدين الصحيح بريء من ممارساتهم,0,0,0,0,0,1,0,0,0,0
هالطائفة بتكفر باقي المسلمين، هنّي أصل الفتنة والتفرقة بالأمة,0,0,0,0,0,1,0,0,0,0
معابدهم بتنشر الضلال ولازم تنسكر، ما فينا نسمحلهم يفسدوا ديننا,0,0,0,0,0,1,0,0,0,0
عقيدتهم مسروقة من أديان تانية، ما إلها أصل ولا جذور بالدين الحق,0,0,0,0,0,1,0,0,0,0
هالفرقة بتشوه صورة الدين وبتسيء لكل المؤمنين الحقيقيين، حاربوهم,0,0,0,0,0,1,0,0,0,0
رموزهم الدينية أصنام بيعبدوها من دون الله، هاد كفر ما بعدو كفر,0,0,0,0,0,1,0,0,0,0
ا.ل.م.ذ.ه.ب.ه.م مبني ع كذبة كبيرة، اللي بيتبعو رح يندم يوم القيامة,0,0,0,0,0,1,0,0,0,0
احتفالاتهم استفزاز للمؤمنين الحقيقيين، لازم تنمنع وتنحارب فوراً,0,0,0,0,0,1,0,0,0,0
هالطائفة بتدعي إنها ع الحق وكلها بعيدة عن الدين الصحيح بمسافات,0,0,0,0,0,1,0,0,0,0
كتب دينهم محرفة ومدسوس فيها، ما فينا نأخد منها ولا حرف واحد,0,0,0,0,0,1,0,0,0,0
شعائرهم الدينية مجرد بدع ابتدعوها، الدين الأصيل ما بيعرفها أبداً,0,0,0,0,0,1,0,0,0,0
هالمذهب بيعادي باقي المسلمين بالخفا، نواياهم سوداء ضد الأمة كلها,0,0,0,0,0,1,0,0,0,0
عقيدتهم تجديف ع الدين، اللي بيدافع عنهم شريكهم بالضلال والكفر,0,0,0,0,0,1,0,0,0,0
و.ل.ك دينهم كلو طقوس وثنية ما إلها علاقة بالتوحيد الحقيقي,0,0,0,0,0,1,0,0,0,0
هالطائفة بتحرف معاني الدين لمصلحتها، حذروا الناس من ضلالاتهم,0,0,0,0,0,1,0,0,0,0
رجال دينهم بيتلاعبوا بعقول البسطاء وبيجروهم للكفر والضلال المبين,0,0,0,0,0,1,0,0,0,0
معتقداتهم تناقض كل تعاليم الدين الصحيح، هنّي فرقة ضالة بكل المقاييس,0,0,0,0,0,1,0,0,0,0
هالمذهب بدعة محدثة، السلف الصالح بريء منهم ومن كل ضلالاتهم,0,0,0,0,0,1,0,0,0,0
عباداتهم شكلية فارغة من الإيمان الحقيقي، هاد دين مزيف ما بينفع,0,0,0,0,0,1,0,0,0,0
هالطائفة بتقدس بشر وترفعهم لمرتبة الآلهة، هاد أكبر شرك بالوجود,0,0,0,0,0,1,0,0,0,0
ا.ل.ف.ر.ق.ة هاي ضالة ومصيرها النار، اللي بيتبعها خسر الدنيا والآخرة,0,0,0,0,0,1,0,0,0,0
شيوخهم بيفتوا بالباطل وبيضللوا أتباعهم عن طريق الحق المستقيم,0,0,0,0,0,1,0,0,0,0
هالمذهب بيحقد ع باقي الطوائف وبيسعى لتفريق المسلمين عن بعض,0,0,0,0,0,1,0,0,0,0
عقيدتهم مليانة تناقضات وخرافات، اللي بيفكر منيح بيرفضها فوراً,0,0,0,0,0,1,0,0,0,0
طقوسهم غريبة عن الدين وبتسيء لكل المؤمنين، لازم ترفض وتدان,0,0,0,0,0,1,0,0,0,0
هالطائفة بتعتبر حالها فوق الكل، وهي بالحقيقة أبعد ما يكون عن الحق,0,0,0,0,0,1,0,0,0,0
دينهم تجارة بأسماء مقدسة، شيوخهم بيتاجروا بإيمان الناس البسطا,0,0,0,0,0,1,0,0,0,0
و.ل.ك ه.ا.ل.م.ذ.ه.ب كلو كفر مغلف بالدين، احذروا منهم ومن دعوتهم,0,0,0,0,0,1,0,0,0,0
معابدهم بؤر لنشر الضلال والفتنة، الواجب الديني يحتم علينا محاربتها,0,0,0,0,0,1,0,0,0,0
هالفرقة شوهت الدين بممارساتها، المؤمن الحقيقي لازم يتبرأ منهم,0,0,0,0,0,1,0,0,0,0
عقيدتهم بتكفر الصحابة وترتد عن الدين، هاد خط أحمر ما بينتجاوز,0,0,0,0,0,1,0,0,0,0
هالطائفة بتدس السم بالعسل، بتظهر التدين وبتخفي الكفر والضلال,0,0,0,0,0,1,0,0,0,0
رموزهم الدينية باطلة وعبادتها شرك، حذروا أولادكم من الانجرار وراهم,0,0,0,0,0,1,0,0,0,0
هالمذهب انحراف خطير عن الدين الصحيح، اللي بيتبعو بيضيع بين الفرق الضالة,0,0,0,0,0,1,0,0,0,0
هالمذهب كلو بدع وضلالات، اللي بيتبعو خارج عن الدين الصحيح نهائياً,0,0,0,0,0,1,0,0,0,0
معتقداتهم خرافات وشركيات، ما إلها علاقة بالدين الصحيح أبداً,0,0,0,0,0,1,0,0,0,0
ا.ل.م.ذ.ه.ب التاني كلو ضلال وأهلو بيتبعوا الباطل عن قصد,0,0,0,0,0,1,0,0,0,0
احتفالاتهم الدينية بدعة ولازم تنمنع وتنحارب بكل الوسائل المتاحة,0,0,0,0,0,1,0,0,0,0
كتبهم محرفة وعقيدتهم فاسدة، اللي بيتبعهم بيخسر دينو ودنياه وآخرتو,0,0,0,0,0,1,0,0,0,0
هالفرقة ضالة ومضلة، بتنشر الفتنة والكفر بين المؤمنين، احذروهم,0,0,0,0,0,1,0,0,0,0
عقيدتهم مبنية ع الكذب والخرافات، اللي بيصدقهم بيضل بالظلام الدامس,0,0,0,0,0,1,0,0,0,0
و.ل.ك ه.ا.ل.م.ذ.ه.ب كلو كفر مغلف بالدين، احذروا من دعوتهم,0,0,0,0,0,1,0,0,0,0
هالمذهب بيقدس القبور ويعبد الأضرحة، هاد شرك صريح ما بينغفر أبداً,0,0,0,0,0,1,0,0,0,0
طريقتهم بالعبادة منحرفة وبدعة، الدين الصحيح بريء من كل ممارساتهم,0,0,0,0,0,1,0,0,0,0
هالطائفة بتكفر باقي المؤمنين، هنّي أصل الفتنة والتفرقة بالأمة كلها,0,0,0,0,0,1,0,0,0,0
ا.ل.م.ذ.ه.ب.ه.م مبني ع كذبة، اللي بيتبعو رح يندم يوم القيامة,0,0,0,0,0,1,0,0,0,0
هالمذهب بيعادي باقي المؤمنين بالخفا، نواياهم سوداء ضد الأمة كلها,0,0,0,0,0,1,0,0,0,0
هالطائفة بتحرف معاني الدين لمصلحتها، حذروا الناس من كل ضلالاتهم,0,0,0,0,0,1,0,0,0,0
و.ل.ك د.ي.ن.ه.م كلو طقوس فارغة ما إلها علاقة بالتوحيد الحقيقي,0,0,0,0,0,1,0,0,0,0
هالمذهب بدعة محدثة، السلف الصالح بريء منهم ومن كل ضلالاتهم وبدعهم,0,0,0,0,0,1,0,0,0,0
عباداتهم شكلية فارغة من الإيمان الحقيقي، هاد دين مزيف ما بينفع صاحبو,0,0,0,0,0,1,0,0,0,0
هالطائفة بتقدس بشر وترفعهم لمرتبة الآلهة، هاد أكبر شرك بالوجود كلو,0,0,0,0,0,1,0,0,0,0
ا.ل.ف.ر.ق.ة هاي ضالة ومصيرها النار، اللي بيتبعها خسر الدارين,0,0,0,0,0,1,0,0,0,0
شيوخهم بيفتوا بالباطل وبيضللوا أتباعهم عن طريق الحق المستقيم عمداً,0,0,0,0,0,1,0,0,0,0
هالمذهب بيحقد ع باقي الطوائف وبيسعى لتفريق المؤمنين عن بعضهم,0,0,0,0,0,1,0,0,0,0
طقوسهم غريبة عن الدين وبتسيء لكل المؤمنين، لازم ترفض وتدان بشدة,0,0,0,0,0,1,0,0,0,0
و.ل.ك م.ع.ا.ب.د.ه.م بؤر لنشر الضلال، الواجب يحتم محاربتها,0,0,0,0,0,1,0,0,0,0
هالفرقة شوهت الدين بممارساتها، المؤمن الحقيقي لازم يتبرأ منهم كلياً,0,0,0,0,0,1,0,0,0,0
عقيدتهم بتنحرف عن الدين الصحيح، هاد خط أحمر ما بينتجاوز نهائياً,0,0,0,0,0,1,0,0,0,0
هالمذهب انحراف خطير عن الدين، اللي بيتبعو بيضيع بين الفرق الضالة,0,0,0,0,0,1,0,0,0,0
شعائرهم محرفة ومبتدعة، الدين الصحيح ما بيعترف فيها ولا بيقبلها أبداً,0,0,0,0,0,1,0,0,0,0
هالطائفة بتنشر عقيدة فاسدة بين الناس، واجبنا نكشفها ونحذر منها الجميع,0,0,0,0,0,1,0,0,0,0
هالمذهب ضلال مبين وأتباعو ملعونون بكتاب الله المنزل,0,0,0,0,0,1,0,0,0,0
طقوسهم الدينية وثنية وبتخالف التوحيد الحقيقي لله,0,0,0,0,0,1,0,0,0,0
هالفرقة خوارج العصر وحكمهم كحكم الخوارج الأولين,0,0,0,0,0,1,0,0,0,0
دينهم تلفيق من أديان متعددة وما إلو أصل بالرسالة الحقيقية,0,0,0,0,0,1,0,0,0,0
هنّي يكفّرون الصحابة وهاد خروج صريح من ملة الإسلام,0,0,0,0,0,1,0,0,0,0
مساجدهم أوكار للضلالة وتجنيد الشباب على باطل,0,0,0,0,0,1,0,0,0,0
شيوخهم دجالون بيتاجروا بالدين لجمع الأموال والنفوذ,0,0,0,0,0,1,0,0,0,0
عباداتهم بدعة وكل بدعة ضلالة وكل ضلالة بالنار,0,0,0,0,0,1,0,0,0,0
هالطائفة اخترعت أحاديث مكذوبة لتبرير انحرافها عن الحق,0,0,0,0,0,1,0,0,0,0
التقريب بين المذاهب ممنوع لأنو بيساوي بين الحق والباطل,0,0,0,0,0,1,0,0,0,0
هنّي يتبركون بالقبور وهاد شرك بالله لا يغفر أبداً,0,0,0,0,0,1,0,0,0,0
الزواج من هالطائفة حرام وينجس الأسرة المؤمنة,0,0,0,0,0,1,0,0,0,0
دينهم مخترع وما نزل به وحي من السماء أبداً,0,0,0,0,0,1,0,0,0,0
هالمذهب جاء للتفريق ولكسر وحدة المسلمين الحقيقيين,0,0,0,0,0,1,0,0,0,0
رجال دينهم يدّعون علم الغيب وهذا كفر صريح بالله,0,0,0,0,0,1,0,0,0,0
هنّي بيحلوا الربا ويحرمون ما أحل الله بأهواء بشرية,0,0,0,0,0,1,0,0,0,0
الصلاة خلف إمامهم غير جائزة لأنهم خارجون عن الملة,0,0,0,0,0,1,0,0,0,0
كتبهم مليانة تكفير للصحابة والتابعين رضوان الله عليهم,0,0,0,0,0,1,0,0,0,0
هالطائفة بتتبع رجالها أكثر من اتباعها لكلام الله,0,0,0,0,0,1,0,0,0,0
احتفالاتهم بالأضرحة بدعة ابتدعوها وليس لها أصل بالدين,0,0,0,0,0,1,0,0,0,0
الفرقة الناجية واحدة وهؤلاء ليسوا منها بأي حال,0,0,0,0,0,1,0,0,0,0
تفسيرهم للقرآن محرف ومبني على أهواء وليس على علم,0,0,0,0,0,1,0,0,0,0
هنّي يعتبرون علماءهم معصومين وهاد شرك واضح بالله,0,0,0,0,0,1,0,0,0,0
صيامهم وصلاتهم مردودة لأنهم على غير هدى من الله,0,0,0,0,0,1,0,0,0,0
التعاون مع هالطائفة في أي أمر يساعدها على نشر ضلالها,0,0,0,0,0,1,0,0,0,0
هالمذهب بيجيز الكذب والخداع على من يخالفهم بالمذهب,0,0,0,0,0,1,0,0,0,0
دينهم دين سياسة وقبائل وليس دين توحيد وعبادة خالصة,0,0,0,0,0,1,0,0,0,0
هنّي بيؤمنون بعصمة البشر وهذا خروج عن الإسلام الصحيح,0,0,0,0,0,1,0,0,0,0
مواليدهم الدينية التي يحتفلون بها حرام ومنكر لازم يتمنع,0,0,0,0,0,1,0,0,0,0
الحاكم بأمر الله بينهم رجل وضع نفسه فوق النص والشرع,0,0,0,0,0,1,0,0,0,0
هالطائفة تعتقد بالتناسخ والحلول وهذا كفر صريح لا يغتفر,0,0,0,0,0,1,0,0,0,0
كتب الفقه عندهم ملوثة بالإسرائيليات والأساطير الباطلة,0,0,0,0,0,1,0,0,0,0
هنّي يحللون المتعة وهاد خروج صريح عن الشريعة الإسلامية,0,0,0,0,0,1,0,0,0,0
قبورهم صارت مزارات يتبركون بها بدل بيوت الله المساجد,0,0,0,0,0,1,0,0,0,0
عقيدتهم تقوم على كره الصحابة وهذا طعن بأصل الإسلام,0,0,0,0,0,1,0,0,0,0
هنّي يدّعون نسباً للنبي ليكسبوا الشرعية على أتباعهم,0,0,0,0,0,1,0,0,0,0
الإمامة عندهم حق إلهي وهذا تشريع من البشر لا من الله,0,0,0,0,0,1,0,0,0,0
فتاواهم تصدر لخدمة السياسة وليس لخدمة الدين والحق,0,0,0,0,0,1,0,0,0,0
الاقتراب من هالطائفة يفتن القلوب ويبعدها عن الهدى,0,0,0,0,0,1,0,0,0,0
هالمذهب يعلم أتباعه الكذب والتقية على أهل الحق,0,0,0,0,0,1,0,0,0,0
دينهم دين الظاهر والباطن ودين الله واحد لا يتجزأ,0,0,0,0,0,1,0,0,0,0
هنّي يكذبون على أهل السنة ويتصنعون الوحدة خداعاً,0,0,0,0,0,1,0,0,0,0
محرم على المسلم الحقيقي الصلاة في مساجد هالطائفة,0,0,0,0,0,1,0,0,0,0
إمامهم الغائب أسطورة اخترعوها ليضللوا البسطاء بها,0,0,0,0,0,1,0,0,0,0
هالطائفة ما حاربت عدو الإسلام وكانت دايماً للأعداء,0,0,0,0,0,1,0,0,0,0
عقيدة الإمامة الإلهية شرك أكبر ما يغفره الله نهائياً,0,0,0,0,0,1,0,0,0,0
هنّي بيحرّفون آيات الله ليتلاءم معها مذهبهم الباطل,0,0,0,0,0,1,0,0,0,0
الولاء للإمام عندهم فوق الولاء لله ورسوله وهذا ضلال,0,0,0,0,0,1,0,0,0,0
دينهم أسس على الانتقام وليس على العدل والرحمة الإلهية,0,0,0,0,0,1,0,0,0,0
الفرقة الضالة هذه ستظل ضالة حتى ترجع للكتاب والسنة,0,0,0,0,0,1,0,0,0,0
تحريم الزواج من هالطائفة واجب ديني لحماية النسل المؤمن,0,0,0,0,0,1,0,0,0,0
بنات للتعارف والتسلية، خدمات خاصة بأسعار مغرية، تواصل عالخاص,0,0,0,0,0,0,1,0,0,0
بدك تتسلى وتقضي وقت ممتع؟ عندي يلي بدك ياه، احكيني خاص,0,0,0,0,0,0,1,0,0,0
خدمات مرافقة للسهرات الخاصة، سرية تامة، التواصل عالواتساب,0,0,0,0,0,0,1,0,0,0
صور وفيديوهات خاصة حصرية، اشترك بالقناة وشوف الممنوع، الرابط بالخاص,0,0,0,0,0,0,1,0,0,0
عندي محتوى للكبار بس، اشترك وشوف يلي ما بينعرض بمكان تاني,0,0,0,0,0,0,1,0,0,0
بنات حلوين للتعارف الجدي وغير الجدي، احكيني وحدد يلي بدك ياه,0,0,0,0,0,0,1,0,0,0
خدمة دردشة ساخنة مع بنات، اتصل عالرقم وعيش المتعة، سرية تامة,0,0,0,0,0,0,1,0,0,0
ا.ش.ت.ر.ك بالقناة الخاصة وشوف المحتوى الممنوع للكبار فقط,0,0,0,0,0,0,1,0,0,0
تبي تشوف محتوى ما بينحط بأي مكان؟ ادفع اشتراك وافتحلك الباب,0,0,0,0,0,0,1,0,0,0
خدمات خاصة جداً للرجال، سرية ومضمونة، التفاصيل عالخاص بس,0,0,0,0,0,0,1,0,0,0
عندي أرقام بنات للتسلية والمتعة، اطلب الرقم يلي بيناسبك خاص,0,0,0,0,0,0,1,0,0,0
محتوى حصري للكبار، صور وفيديو، اشتراك شهري رمزي، الرابط هون,0,0,0,0,0,0,1,0,0,0
بدك مغامرة ممتعة بدون التزام؟ عندي يلي بيلبيلك رغباتك، احكيني,0,0,0,0,0,0,1,0,0,0
خدمة مرافقة بكل المحافظات، بنات بمواصفات خاصة، تواصل سري,0,0,0,0,0,0,1,0,0,0
ا.ر.ق.ا.م خاصة للتعارف الساخن مع بنات احكيني وخود الرقم,0,0,0,0,0,0,1,0,0,0
اشترك بمجموعتنا الخاصة وشوف المحتوى الجريء يلي ما بينعرض، خاص,0,0,0,0,0,0,1,0,0,0
عندي صبايا للسهر والتسلية، الخدمة راقية والسرية مضمونة، تواصل,0,0,0,0,0,0,1,0,0,0
تبي تعيش ليلة ما تنتسى؟ عندي يلي بيحقق كل خيالاتك، احكيني خاص,0,0,0,0,0,0,1,0,0,0
محتوى للبالغين فقط، اشتراك مدفوع وخصوصية تامة، الرابط بالخاص,0,0,0,0,0,0,1,0,0,0
خدمات حميمة وراقية للرجال المهتمين، التفاصيل والأسعار عالخاص,0,0,0,0,0,0,1,0,0,0
بنات متاحات للتعارف الخاص والمواعيد، اطلب وانا بأمنلك يلي بدك ياه,0,0,0,0,0,0,1,0,0,0
عندي قناة خاصة فيها كل المحتوى الممنوع، اشترك وشوف بعينك,0,0,0,0,0,0,1,0,0,0
خدمة دردشة مرئية مع صبايا، ادفع واستمتع بخصوصية تامة، خاص,0,0,0,0,0,0,1,0,0,0
تبي تتسلى عالواتس مع بنت حلوة؟ عندي الرقم المناسب إلك، احكيني,0,0,0,0,0,0,1,0,0,0
محتوى ساخن وحصري بأسعار رمزية، اشترك هلق وافتحلك عالم جديد,0,0,0,0,0,0,1,0,0,0
بنات للترفيه والمرافقة بأناقة وسرية، التواصل عالأرقام الخاصة,0,0,0,0,0,0,1,0,0,0
عندي يلي بيشبع رغباتك ويحقق خيالاتك، احكيني وخلينا نتفاهم خاص,0,0,0,0,0,0,1,0,0,0
اشترك بالخدمة المميزة للكبار وشوف يلي ما حلمت تشوفو، الرابط هون,0,0,0,0,0,0,1,0,0,0
خدمات خاصة بأعلى مستوى للزباين المميزين، السرية أولويتنا، تواصل,0,0,0,0,0,0,1,0,0,0
ا.ش.ت.ر.ا.ك بالمحتوى الخاص للكبار فقط بأسعار مغرية احكيني,0,0,0,0,0,0,1,0,0,0
بدك صحبة ممتعة لسهرتك؟ عندي صبايا راقيات، التفاصيل عالخاص,0,0,0,0,0,0,1,0,0,0
عندي أرقام مميزة للتعارف الساخن، اطلب يلي بيعجبك وانا بأمنو,0,0,0,0,0,0,1,0,0,0
محتوى حصري وجريء، قناة خاصة باشتراك، اشترك وشوف الممنوع,0,0,0,0,0,0,1,0,0,0
خدمة مرافقة فاخرة للمناسبات الخاصة، صبايا أنيقات، تواصل سري,0,0,0,0,0,0,1,0,0,0
تبي تعيش متعة حقيقية بعيد عن الفضول؟ عندي الحل، احكيني خاص,0,0,0,0,0,0,1,0,0,0
بنات للتسلية والدردشة الحميمة، اتصل بالرقم وعيش اللحظة، سري,0,0,0,0,0,0,1,0,0,0
عندي أفضل محتوى للكبار بالمنطقة، اشتراك بسيط ومتعة كبيرة، خاص,0,0,0,0,0,0,1,0,0,0
خدمات راقية وخاصة جداً، للرجال يلي بيقدروا الخصوصية، تواصل,0,0,0,0,0,0,1,0,0,0
اشترك بالمجموعة الخاصة وشوف صور وفيديوهات حصرية، الرابط بالخاص,0,0,0,0,0,0,1,0,0,0
بدك مواعدة بدون قيود ولا التزام؟ عندي يلي بيناسبك، احكيني هلق,0,0,0,0,0,0,1,0,0,0
عندي صبايا متاحات للسهر والمرافقة بكل المدن، الخدمة مضمونة,0,0,0,0,0,0,1,0,0,0
محتوى للبالغين بجودة عالية، اشتراك شهري وخصوصية تامة، تواصل,0,0,0,0,0,0,1,0,0,0
تبي تتعرف ع بنت للتسلية بسرية؟ عندي أرقام جاهزة، احكيني خاص,0,0,0,0,0,0,1,0,0,0
ا.ل.م.ح.ت.و.ى الخاص للكبار متوفر بالاشتراك شوف الممنوع هلق,0,0,0,0,0,0,1,0,0,0
خدمة دردشة ساخنة 24 ساعة مع صبايا، اتصل وعيش المتعة، سري تماماً,0,0,0,0,0,0,1,0,0,0
عندي قناة فيها كل يلي بتحلم تشوفو من محتوى جريء، اشترك خاص,0,0,0,0,0,0,1,0,0,0
بنات راقيات للمرافقة والترفيه، أسعار خاصة للزباين المميزين، تواصل,0,0,0,0,0,0,1,0,0,0
بدك تشبع فضولك وخيالاتك؟ عندي المحتوى المناسب، احكيني عالخاص,0,0,0,0,0,0,1,0,0,0
خدمات حميمة وسرية بأعلى مستوى من الخصوصية، التفاصيل بالخاص بس,0,0,0,0,0,0,1,0,0,0
اشترك بخدمتنا المميزة للكبار وافتحلك باب المتعة بلا حدود، الرابط هون,0,0,0,0,0,0,1,0,0,0
بنات متاحات للدردشة الخاصة والتسلية، اطلب الرقم يلي بيعجبك، خاص,0,0,0,0,0,0,1,0,0,0
عندي قناة خاصة فيها محتوى جريء للكبار، اشترك وشوف الممنوع هلق,0,0,0,0,0,0,1,0,0,0
خدمة مرافقة راقية لسهراتك الخاصة، صبايا أنيقات، سرية تامة، تواصل,0,0,0,0,0,0,1,0,0,0
بدك تتعرف ع صبية للتسلية بدون التزام؟ عندي يلي بيناسبك، احكيني خاص,0,0,0,0,0,0,1,0,0,0
محتوى حصري للبالغين بجودة عالية، اشتراك شهري بسيط، الرابط بالخاص,0,0,0,0,0,0,1,0,0,0
عندي أرقام بنات حلوين للتعارف الساخن، حدد طلبك وانا بأمنو خاص,0,0,0,0,0,0,1,0,0,0
خدمة دردشة مرئية مع صبايا 24 ساعة، ادفع واستمتع بخصوصية، تواصل,0,0,0,0,0,0,1,0,0,0
تبي تشوف يلي ما بينعرض بأي مكان؟ اشترك بقناتي الخاصة وشوف، خاص,0,0,0,0,0,0,1,0,0,0
ا.ش.ت.ر.ك بالمحتوى الخاص للكبار بأسعار مغرية وشوف الممنوع,0,0,0,0,0,0,1,0,0,0
بنات راقيات للمرافقة والترفيه بكل المدن، التفاصيل والأسعار خاص,0,0,0,0,0,0,1,0,0,0
عندي صبايا للسهر والتسلية، الخدمة مضمونة والسرية أولويتنا، احكيني,0,0,0,0,0,0,1,0,0,0
بدك مغامرة ممتعة وسرية؟ عندي يلي بيحقق كل خيالاتك، تواصل خاص,0,0,0,0,0,0,1,0,0,0
محتوى ساخن وحصري بأسعار رمزية، اشترك هلق وافتحلك عالم المتعة,0,0,0,0,0,0,1,0,0,0
خدمات حميمة وخاصة جداً للرجال، السرية مضمونة، التفاصيل عالخاص بس,0,0,0,0,0,0,1,0,0,0
عندي قناة مدفوعة فيها صور وفيديو جريء، اشترك وشوف بعينك، الرابط هون,0,0,0,0,0,0,1,0,0,0
تبي صحبة لسهرتك بعيد عن الفضول؟ عندي صبايا راقيات، احكيني خاص,0,0,0,0,0,0,1,0,0,0
بنات للدردشة الحميمة والتسلية، اتصل بالرقم وعيش اللحظة، سري تماماً,0,0,0,0,0,0,1,0,0,0
عندي محتوى للكبار ما رح تشوف متلو، اشتراك مدفوع وخصوصية تامة، خاص,0,0,0,0,0,0,1,0,0,0
خدمة مرافقة فاخرة للمناسبات الخاصة، صبايا بمواصفات مميزة، تواصل سري,0,0,0,0,0,0,1,0,0,0
بدك تعيش متعة حقيقية؟ عندي يلي بيلبيلك كل رغباتك، احكيني عالخاص هلق,0,0,0,0,0,0,1,0,0,0
عندي أرقام مميزة للتعارف الساخن، اطلب يلي بيعجبك وانا بأمنو فوراً,0,0,0,0,0,0,1,0,0,0
محتوى جريء وحصري، قناة خاصة باشتراك بسيط، اشترك وشوف الممنوع، خاص,0,0,0,0,0,0,1,0,0,0
ا.ر.ق.ا.م صبايا للتعارف الخاص احكيني وخود الرقم يلي بيناسبك,0,0,0,0,0,0,1,0,0,0
خدمة دردشة ساخنة مع بنات طول اليوم، ادفع وعيش المتعة، سري تماماً,0,0,0,0,0,0,1,0,0,0
عندي صبايا متاحات للمواعيد والمرافقة، اطلب وانا بأمنلك يلي بدك ياه,0,0,0,0,0,0,1,0,0,0
بدك تشبع فضولك وخيالاتك بسرية؟ عندي المحتوى المناسب إلك، احكيني خاص,0,0,0,0,0,0,1,0,0,0
محتوى للبالغين بجودة عالية وأسعار مغرية، اشترك واستمتع، الرابط بالخاص,0,0,0,0,0,0,1,0,0,0
عندي بنات راقيات للترفيه والمرافقة بأناقة، التواصل عالأرقام الخاصة بس,0,0,0,0,0,0,1,0,0,0
تبي مواعدة بدون قيود ولا التزام؟ عندي يلي بيناسبك تماماً، احكيني خاص,0,0,0,0,0,0,1,0,0,0
ا.ش.ت.ر.ك بخدمتي المميزة للكبار وافتحلك باب متعة بلا حدود الرابط هون,0,0,0,0,0,0,1,0,0,0
خدمات راقية وخاصة للرجال يلي بيقدروا الخصوصية والذوق، تواصل سري,0,0,0,0,0,0,1,0,0,0
عندي صبايا للسهر والدردشة الحميمة، الخدمة مضمونة وسرية، احكيني خاص,0,0,0,0,0,0,1,0,0,0
بدك تتسلى مع بنت حلوة عالواتس؟ عندي الرقم المناسب إلك، تواصل هلق,0,0,0,0,0,0,1,0,0,0
محتوى حصري وجريء بأسعار رمزية، قناة خاصة، اشترك وشوف يلي بتحلم فيه,0,0,0,0,0,0,1,0,0,0
خدمة مرافقة أنيقة لسهراتك ومناسباتك الخاصة، صبايا راقيات، تواصل سري,0,0,0,0,0,0,1,0,0,0
عندي يلي بيحقق خيالاتك ويشبع رغباتك، احكيني وخلينا نتفاهم عالخاص,0,0,0,0,0,0,1,0,0,0
ا.ش.ت.ر.ك بالقناة الخاصة وشوف المحتوى الجريء الحصري بأسعار مغرية,0,0,0,0,0,0,1,0,0,0
بنات متاحات للتعارف والتسلية بكل المدن، اطلب يلي بيعجبك، التواصل خاص,0,0,0,0,0,0,1,0,0,0
عندي قناة فيها كل يلي بتتمنى تشوفو من محتوى للكبار، اشترك هلق خاص,0,0,0,0,0,0,1,0,0,0
خدمات حميمة بأعلى مستوى من السرية والخصوصية، التفاصيل عالخاص بس,0,0,0,0,0,0,1,0,0,0
بدك صحبة ممتعة وراقية لسهرتك؟ عندي صبايا أنيقات، احكيني عالخاص,0,0,0,0,0,0,1,0,0,0
محتوى ساخن بجودة عالية، اشتراك شهري وخصوصية تامة، الرابط بالخاص هلق,0,0,0,0,0,0,1,0,0,0
عندي أرقام بنات للدردشة الساخنة، اطلب الرقم يلي بدك ياه، تواصل خاص,0,0,0,0,0,0,1,0,0,0
ا.ر.ق.ا.م خاصة للتعارف الحميم مع صبايا احكيني وحدد يلي بدك ياه,0,0,0,0,0,0,1,0,0,0
خدمة دردشة مرئية مع بنات حلوين، ادفع واستمتع بكل خصوصية، سري تماماً,0,0,0,0,0,0,1,0,0,0
عندي صبايا راقيات للمرافقة والترفيه، الأسعار خاصة للمميزين، تواصل,0,0,0,0,0,0,1,0,0,0
بدك تعيش ليلة استثنائية بعيد عن أعين الناس؟ عندي الحل، احكيني خاص,0,0,0,0,0,0,1,0,0,0
محتوى حصري للكبار فقط، قناة مدفوعة فيها الممنوع، اشترك وشوف، الرابط هون,0,0,0,0,0,0,1,0,0,0
خدمات خاصة بأعلى المستويات للزباين المميزين، السرية مضمونة، تواصل سري,0,0,0,0,0,0,1,0,0,0
عندي يلي بيلبيلك رغباتك ويحقق خيالاتك بسرية تامة، احكيني عالخاص هلق,0,0,0,0,0,0,1,0,0,0
صبايا للسهر بدون التزام، تواصل خاص وسرية مطلقة,0,0,0,0,0,0,1,0,0,0
قناة محتوى خاص للكبار بس، اشترك وشوف الممنوع,0,0,0,0,0,0,1,0,0,0
خدمة صديقة للسهر الخاص، ريفاينيد ودسكريت، احكيني,0,0,0,0,0,0,1,0,0,0
فيديوهات حصرية للبالغين، اشتراك شهري ومحتوى يومي,0,0,0,0,0,0,1,0,0,0
صبايا جاهزات للتعارف والمتعة بكل المحافظات السورية,0,0,0,0,0,0,1,0,0,0
محتوى جريء ومحترف، اشترك وشوف يلي ما يتحمل النشر,0,0,0,0,0,0,1,0,0,0
خدمة دردشة مرئية مع صبايا، ادفع واستمتع بخصوصية,0,0,0,0,0,0,1,0,0,0
أرقام بنات للتعارف الساخن بكل الأعمار، تواصل خاص,0,0,0,0,0,0,1,0,0,0
موقع للبالغين بمحتوى عربي حصري، اشترك هلق بسعر رمزي,0,0,0,0,0,0,1,0,0,0
بنت جميلة للمرافقة بالمناسبات الخاصة، سرية تامة,0,0,0,0,0,0,1,0,0,0
تسجيلات خاصة مسربة من شخصيات معروفة، الرابط بالخاص,0,0,0,0,0,0,1,0,0,0
خدمة مرافقة فاخرة لرجال الأعمال، النخبة بس,0,0,0,0,0,0,1,0,0,0
صور حصرية لمشاهير مسربة، اشترك بالقناة المخفية,0,0,0,0,0,0,1,0,0,0
بنات عندهن وقت فراغ ببحث عن صداقة خاصة، احكيني,0,0,0,0,0,0,1,0,0,0
محتوى للكبار بجودة HD لم يسبق نشره، اشترك بالقناة,0,0,0,0,0,0,1,0,0,0
خدمة دردشة ساخنة 24 ساعة مع بنات جاهزات، تواصل,0,0,0,0,0,0,1,0,0,0
أرقام VIP لتعارف جاد وغير جاد بأسعار مغرية جداً,0,0,0,0,0,0,1,0,0,0
فيديوهات مسربة لعارضات أزياء سوريات، الرابط خاص,0,0,0,0,0,0,1,0,0,0
صبايا للمواعدة بدون قيود، السرية أولويتنا، احكيني,0,0,0,0,0,0,1,0,0,0
خدمة ليلة خاصة لا تنسى بأعلى مستوى من الخصوصية,0,0,0,0,0,0,1,0,0,0
مجموعة خاصة للبالغين بمحتوى يومي متجدد، اشترك,0,0,0,0,0,0,1,0,0,0
بنات بكل المواصفات للتعارف الجدي وغير الجدي، خاص,0,0,0,0,0,0,1,0,0,0
قناة تلغرام خاصة بمحتوى ساخن عربي، اشترك مجاناً,0,0,0,0,0,0,1,0,0,0
خدمة تدليك مختصة للرجال، زيارات منزلية سرية، اتصل,0,0,0,0,0,0,1,0,0,0
محتوى حميمي حصري لم يُنشر من قبل، اشترك بالخاص,0,0,0,0,0,0,1,0,0,0
صبايا متاحات للدردشة والتعارف الساخن ليل نهار,0,0,0,0,0,0,1,0,0,0
أرقام صبايا حقيقية للتعارف بدون وسيط، احكيني,0,0,0,0,0,0,1,0,0,0
خدمة خاصة جداً للزوار والمغتربين، سرية مضمونة,0,0,0,0,0,0,1,0,0,0
فيديوهات مصوّرة محلية لم تنشر، الرابط بالخاص بس,0,0,0,0,0,0,1,0,0,0
صبايا من كل المحافظات للتعارف، واتساب للتواصل,0,0,0,0,0,0,1,0,0,0
محتوى لا يُرى على الإنترنت العادي، قناة خاصة مدفوعة,0,0,0,0,0,0,1,0,0,0
خدمة مرافقة للسهرات بسرية تامة، راقية ومضمونة,0,0,0,0,0,0,1,0,0,0
بنات للتسلية والدردشة المتعة بكل أنواعها، خاص,0,0,0,0,0,0,1,0,0,0
صور خاصة لنساء محجبات مسرّبة، الرابط للمشتركين,0,0,0,0,0,0,1,0,0,0
خدمة رفيقة ليلة لرجال الأعمال الزوار، فاخرة وسرية,0,0,0,0,0,0,1,0,0,0
قناة مليانة محتوى ساخن عربي سوري، اشترك هلق,0,0,0,0,0,0,1,0,0,0
أرقام بنات بعمر الـ18 للتعارف الصادق، احكيني,0,0,0,0,0,0,1,0,0,0
خدمة خاصة لقضاء وقت ممتع ومريح، السعر بالخاص,0,0,0,0,0,0,1,0,0,0
فيديوهات حصرية مجانية بالقناة الجديدة، اشترك هلق,0,0,0,0,0,0,1,0,0,0
صبايا جاهزات لكل شي، اتصل وشوف يلي ما تتوقعو,0,0,0,0,0,0,1,0,0,0
محتوى بالغ بجودة عالية وتحديث يومي، اشترك معنا,0,0,0,0,0,0,1,0,0,0
خدمة تعارف جدية بدون التزام، أرقام حقيقية جاهزة,0,0,0,0,0,0,1,0,0,0
بنات من دمشق وحلب وحمص للتعارف، واتساب خاص,0,0,0,0,0,0,1,0,0,0
قناة خاصة مدفوعة بمحتوى حصري للكبار فقط جداً,0,0,0,0,0,0,1,0,0,0
خدمة ليلة لا تنسى بأعلى مستوى، السعر بالمفاوضة,0,0,0,0,0,0,1,0,0,0
صور ومقاطع مسربة لممثلات عربيات، اشترك بالخاص,0,0,0,0,0,0,1,0,0,0
أرقام للدردشة الساخنة والتعارف المتطور، تواصل خاص,0,0,0,0,0,0,1,0,0,0
صبايا من الخارج على تطبيق التعارف، تواصل جدي,0,0,0,0,0,0,1,0,0,0
محتوى خاص للكبار بسعر رمزي، اشترك وشوف بعينك,0,0,0,0,0,0,1,0,0,0
خدمة ليلية فاخرة بسرية مطلقة، مناسبة للزوار,0,0,0,0,0,0,1,0,0,0
قناة فيها المحتوى الممنوع بس للمشتركين، اشترك,0,0,0,0,0,0,1,0,0,0
وصلت البضاعة الجديدة الممتازة، اللي بدو يجرب يحكيني عالخاص,0,0,0,0,0,0,0,1,0,0
عندي أحلى نوعية حشيش بالسوق، السعر منيح للكميات، تواصل,0,0,0,0,0,0,0,1,0,0
بدك حبوب تسهرك طول الليل؟ عندي الأصلي مو المغشوش، احكيني,0,0,0,0,0,0,0,1,0,0
الكبتاغون متوفر بكميات، توصيل لكل المناطق بسرية تامة,0,0,0,0,0,0,0,1,0,0
وصلني شحنة كريستال نقي، السعر حرق للكميات الكبيرة، خاص,0,0,0,0,0,0,0,1,0,0
بضاعة فاخرة لزباين المستوى، الجودة مضمونة والتوصيل آمن,0,0,0,0,0,0,0,1,0,0
عندي كل الأنواع يلي بتدور عليها، احكيني وحدد طلبك بسرية,0,0,0,0,0,0,0,1,0,0
و.ص.ل.ت الشحنة الجديدة نوعية ممتازة للي بدو يطلب خاص,0,0,0,0,0,0,0,1,0,0
حبوب الفرح متوفرة بأسعار منافسة، توصيل لباب البيت، تواصل,0,0,0,0,0,0,0,1,0,0
عندي أفضل خلطة بالمدينة، جربها مرة وما رح تندم، السعر يناسبك,0,0,0,0,0,0,0,1,0,0
بدك تنسى همومك؟ عندي يلي بيطير عقلك، احكيني عالخاص هلق,0,0,0,0,0,0,0,1,0,0
الماريجوانا الأصلية متوفرة، نوعيات مختلفة وأسعار للجملة,0,0,0,0,0,0,0,1,0,0
شحنة طازة وصلتني، للزباين الدايمين خصم خاص، تواصلوا بسرعة,0,0,0,0,0,0,0,1,0,0
عندي حبوب منوّمة قوية بدون وصفة، الكمية محدودة احكيني,0,0,0,0,0,0,0,1,0,0
ب.ض.ا.ع.ة م.م.ت.ا.ز.ة وصلت للي بدو يجرب الأصلي خاص,0,0,0,0,0,0,0,1,0,0
توفر مادة الهيرويين النقي للزباين الجادين بس، التواصل خاص,0,0,0,0,0,0,0,1,0,0
عندي خلطة سحرية بتنسيك الدنيا، السعر رمزي لأول الزباين,0,0,0,0,0,0,0,1,0,0
الأقراص المهدئة متوفرة بكميات كبيرة، توصيل سري لكل سوريا,0,0,0,0,0,0,0,1,0,0
بدك تجرب شي جديد يغير مزاجك؟ عندي يلي بتدور عليه تماماً,0,0,0,0,0,0,0,1,0,0
وصلتني بضاعة من أجود الأنواع، للكميات سعر خاص، احكيني,0,0,0,0,0,0,0,1,0,0
عندي كل ما يخطر ببالك من المواد، السرية والجودة مضمونة,0,0,0,0,0,0,0,1,0,0
حبوب الطاقة والسهر متوفرة، نوعية أصلية مو تقليد، تواصل خاص,0,0,0,0,0,0,0,1,0,0
ا.ل.ك.ب.ت.ا.غ.و.ن متوفر بكميات توصيل سري لكل المناطق,0,0,0,0,0,0,0,1,0,0
شحنة كوكايين نقي وصلت، للزباين المميزين بس، السعر بالخاص,0,0,0,0,0,0,0,1,0,0
عندي أفضل بودرة بالسوق، نقاوة عالية وسعر ينافس، احكيني,0,0,0,0,0,0,0,1,0,0
بدك تطفي على روحك؟ عندي الحل الأكيد، تواصل وحدد طلبك,0,0,0,0,0,0,0,1,0,0
المواد المخدرة بكل أشكالها متوفرة، توصيل آمن ودفع عند الاستلام,0,0,0,0,0,0,0,1,0,0
وصلني نوع جديد بيفوق كل يلي جربتو، السعر مغري احكيني خاص,0,0,0,0,0,0,0,1,0,0
عندي حبوب بتخليك تطير من السعادة، الكمية محدودة بسرعة,0,0,0,0,0,0,0,1,0,0
للزباين الجادين بس، بضاعة فاخرة نوعية أوروبية، التواصل خاص,0,0,0,0,0,0,0,1,0,0
شحنة حشيش لبناني أصلي وصلت، للجملة سعر مميز، احكيني,0,0,0,0,0,0,0,1,0,0
عندي يلي بيريحك من كل وجع وهم، جرب وشوف بنفسك، خاص,0,0,0,0,0,0,0,1,0,0
الأقراص المنشطة متوفرة بأنواعها، توصيل سري وسريع لكل مكان,0,0,0,0,0,0,0,1,0,0
بدك سهرة ما بتنتهي؟ عندي يلي بيخليك صاحي لأيام، تواصل,0,0,0,0,0,0,0,1,0,0
وصلتني كمية محدودة من النوع الفاخر، للسباقين بس، السعر خاص,0,0,0,0,0,0,0,1,0,0
ع.ن.د.ي كل الأنواع يلي بتفكر فيها توصيل سري احكيني,0,0,0,0,0,0,0,1,0,0
بضاعة مضمونة 100% نوعية ما رح تلاقيها بمكان تاني، تواصل,0,0,0,0,0,0,0,1,0,0
عندي حبوب بتنسيك كل مشاكلك بثواني، السعر بمتناول الجميع,0,0,0,0,0,0,0,1,0,0
المواد المهربة الفاخرة وصلت، للزباين المستوى الرفيع، خاص,0,0,0,0,0,0,0,1,0,0
بدك تشتري بالجملة؟ عندي أفضل الأسعار وأجود البضاعة، احكيني,0,0,0,0,0,0,0,1,0,0
شحنة طازة من الخارج، نقاوة مضمونة وتوصيل آمن لكل المحافظات,0,0,0,0,0,0,0,1,0,0
عندي يلي بيطير عقلك ويخليك بعالم تاني، جرب مرة وحدة بس,0,0,0,0,0,0,0,1,0,0
الحبوب الزرقا والحمرا متوفرة، نوعية أصلية، توصيل سري خاص,0,0,0,0,0,0,0,1,0,0
و.ص.ل.ت ب.ض.ا.ع.ة فاخرة للزباين الجادين بس احكيني خاص,0,0,0,0,0,0,0,1,0,0
عندي خلطة خاصة بتعطيك نشوة ما جربتها بحياتك، السعر مناسب,0,0,0,0,0,0,0,1,0,0
للبيع كمية ممتازة بسعر الجملة، الجودة والسرية مضمونة، تواصل,0,0,0,0,0,0,0,1,0,0
بدك تغير مزاجك بسرعة؟ عندي الحل، توصيل لعندك بأي وقت، خاص,0,0,0,0,0,0,0,1,0,0
وصلتني أنواع جديدة ما رح تلاقيها بالسوق، للمميزين بس، احكيني,0,0,0,0,0,0,0,1,0,0
عندي كل ما يلزمك لسهرة لا تنتسى، تواصل وانا بوصلك بسرية,0,0,0,0,0,0,0,1,0,0
المخدر الفلاني متوفر بكمية محدودة، السعر حرق، اطلب قبل ما يخلص,0,0,0,0,0,0,0,1,0,0
وصلتني كمية جديدة من النوع الممتاز، للزباين الدايمين سعر مميز خاص,0,0,0,0,0,0,0,1,0,0
عندي يلي بيسهرك ويعطيك طاقة لأيام بدون نوم، جرب وشوف، احكيني,0,0,0,0,0,0,0,1,0,0
بضاعة نضيفة وصلت طازة، توصيل لكل المناطق بسرية تامة، تواصل خاص,0,0,0,0,0,0,0,1,0,0
للبيع كمية محدودة بسعر حرق، النوعية ما رح تلاقيها بمكان، اطلب,0,0,0,0,0,0,0,1,0,0
عندي الخضرة الأصلية اللبنانية، نوعية أولى للزباين الجادين بس,0,0,0,0,0,0,0,1,0,0
بدك تنسى ضغوطك ساعتين؟ عندي الحل الأكيد، التواصل والتوصيل خاص,0,0,0,0,0,0,0,1,0,0
وصلني نوع أوروبي فاخر ما رح تشوف متلو، للمميزين بس، احكيني خاص,0,0,0,0,0,0,0,1,0,0
عندي حبوب بتطير العقل وبتنسي كل شي، السعر رمزي لأول الطالبين,0,0,0,0,0,0,0,1,0,0
و.ص.ل.ت ب.ض.ا.ع.ة طازة نوعية ممتازة للي بدو يجرب احكيني خاص,0,0,0,0,0,0,0,1,0,0
الأقراص الزرق المنومة متوفرة بكميات، توصيل سري وآمن لكل مكان,0,0,0,0,0,0,0,1,0,0
عندي مسحوق نقي 100% للزباين المستوى، الجودة والسرية مضمونة,0,0,0,0,0,0,0,1,0,0
بدك سهرة ما بتنتهي مع أصحابك؟ عندي يلي بيخليكم تطيروا، تواصل,0,0,0,0,0,0,0,1,0,0
وصلتني شحنة من الصنف الأول، للكميات الكبيرة خصم خاص، احكيني خاص,0,0,0,0,0,0,0,1,0,0
عندي كل أنواع المواد يلي بتفكر فيها، حدد طلبك وانا بأمنو بسرية,0,0,0,0,0,0,0,1,0,0
للبيع حشيش أصلي بنوعية عالية، أسعار الجملة للتجار، التواصل خاص,0,0,0,0,0,0,0,1,0,0
بدك تجرب إحساس جديد ما جربتو بحياتك؟ عندي يلي بيوصلك لعالم تاني,0,0,0,0,0,0,0,1,0,0
ع.ن.د.ي بضاعة فاخرة للزباين الجادين، توصيل سري احكيني عالخاص,0,0,0,0,0,0,0,1,0,0
الحبوب المنشطة متوفرة بأنواعها، نوعية أصلية مو مغشوشة، تواصل خاص,0,0,0,0,0,0,0,1,0,0
وصلني كريستال نقي بنسبة عالية، للزباين المميزين بس، السعر بالخاص,0,0,0,0,0,0,0,1,0,0
عندي يلي بيريحك من كل وجع نفسي وجسدي، جرب مرة وما رح تندم,0,0,0,0,0,0,0,1,0,0
بضاعة طازة من أحسن المصادر، توصيل لباب البيت بسرية تامة، احكيني,0,0,0,0,0,0,0,1,0,0
عندي حبوب بتعطيك نشوة وسعادة بثواني، الكمية محدودة، اطلب بسرعة,0,0,0,0,0,0,0,1,0,0
للزباين الجادين بس، عندي صنف ممتاز ما رح تلاقي متلو، التواصل خاص,0,0,0,0,0,0,0,1,0,0
و.ص.ل.ت.ن.ي كمية فاخرة بسعر الجملة، للتجار خصم خاص احكيني,0,0,0,0,0,0,0,1,0,0
الأقراص المهدئة القوية متوفرة بدون وصفة طبية، توصيل سري لكل سوريا,0,0,0,0,0,0,0,1,0,0
عندي خلطة خاصة تعطيك طاقة ونشاط طول الليل، جرب وشوف بنفسك خاص,0,0,0,0,0,0,0,1,0,0
بدك تطفي ع همومك بسرعة؟ عندي يلي بيغير مزاجك فوراً، تواصل هلق,0,0,0,0,0,0,0,1,0,0
وصلني نوع ممتاز من البودرة، نقاوة عالية وسعر منافس، للجادين خاص,0,0,0,0,0,0,0,1,0,0
عندي كل ما يلزم لسهرتك، من الحبوب للمسحوق، حدد وانا بوصلك بسرية,0,0,0,0,0,0,0,1,0,0
ل.ل.ب.ي.ع كمية ممتازة بسعر مغري، الجودة والسرية أولويتي، تواصل,0,0,0,0,0,0,0,1,0,0
بضاعة وصلت طازة من الخارج، نوعية ما بتلاقيها بالسوق المحلي، احكيني,0,0,0,0,0,0,0,1,0,0
عندي حبوب بتخليك تطير من السعادة وتنسى الزمن، السعر بمتناولك، خاص,0,0,0,0,0,0,0,1,0,0
الماريجوانا بأنواعها متوفرة، للكميات سعر خاص، توصيل آمن لكل مكان,0,0,0,0,0,0,0,1,0,0
بدك تجرب أقوى صنف بالسوق؟ عندي يلي بيوصلك لمستوى تاني، تواصل خاص,0,0,0,0,0,0,0,1,0,0
وصلتني شحنة محدودة من النوع الفاخر، للسباقين بالطلب بس، احكيني,0,0,0,0,0,0,0,1,0,0
عندي مهدئات قوية بتنيمك بثواني، نوعية أصلية، توصيل سري وسريع خاص,0,0,0,0,0,0,0,1,0,0
ع.ن.د.ي كل الأصناف يلي بدك ياها، الجودة مضمونة احكيني عالخاص,0,0,0,0,0,0,0,1,0,0
للبيع بضاعة نضيفة بسعر ينافس الكل، للزباين الدايمين خصم، تواصل,0,0,0,0,0,0,0,1,0,0
عندي يلي بيطير عقلك بثواني ويخليك بعالم تاني، جرب وحدة بس وشوف,0,0,0,0,0,0,0,1,0,0
الحبوب الحمرا والصفرا متوفرة، نوعية ممتازة وسعر منيح، احكيني خاص,0,0,0,0,0,0,0,1,0,0
بضاعة فاخرة وصلتني للزباين المميزين بس، النوعية والسرية مضمونة,0,0,0,0,0,0,0,1,0,0
عندي خلطة بتعطيك إحساس ما جربتو، السعر رمزي لأول الطالبين، تواصل,0,0,0,0,0,0,0,1,0,0
بدك كمية للتوزيع؟ عندي أسعار جملة ممتازة وبضاعة نوعية، احكيني خاص,0,0,0,0,0,0,0,1,0,0
و.ص.ل.ن.ي صنف أوروبي نادر للمميزين بس، السعر بالخاص احكيني,0,0,0,0,0,0,0,1,0,0
المسحوق الأبيض النقي متوفر بكميات، توصيل سري للزباين الجادين بس,0,0,0,0,0,0,0,1,0,0
عندي يلي بيشيل تعبك وهمك بلحظة، جرب وشوف الفرق، التواصل خاص هلق,0,0,0,0,0,0,0,1,0,0
للبيع أقراص منشطة بأسعار منافسة، نوعية أصلية، توصيل لكل المحافظات,0,0,0,0,0,0,0,1,0,0
بدك تعيش ليلة لا تنتسى مع أصحابك؟ عندي كل ما يلزمكم، احكيني خاص,0,0,0,0,0,0,0,1,0,0
وصلتني بضاعة من أجود المصادر، للكميات الكبيرة سعر مغري، تواصل سري,0,0,0,0,0,0,0,1,0,0
عندي أقوى صنف وصل هالشهر، نقاوة عالية للزباين المميزين، احكيني خاص,0,0,0,0,0,0,0,1,0,0
شحنة من اللبناني الأصيل وصلت، للزباين القدام أولاً,0,0,0,0,0,0,0,1,0,0
عندي كبتاغون فرز أول، الكمية محدودة بسرعة احكيني,0,0,0,0,0,0,0,1,0,0
بيع بضاعة فاخرة بسعر منافس، التوصيل لباب البيت,0,0,0,0,0,0,0,1,0,0
حشيش جبلي عضوي ما فيو مواد كيماوية، جرب الفرق,0,0,0,0,0,0,0,1,0,0
أفضل نوعية هيروين نقي ما في أحسن منو بالسوق,0,0,0,0,0,0,0,1,0,0
بودرة بيضاء نوعية ممتازة، نقاوة عالية وسعر مناسب,0,0,0,0,0,0,0,1,0,0
بيع أقراص نوم قوية بدون وصفة بالكميات، خاص فقط,0,0,0,0,0,0,0,1,0,0
عندي كريستال شفاف نوعية لا تقارن، السعر للكمية,0,0,0,0,0,0,0,1,0,0
شحنة هيش طازجة من المصدر، ضمان الجودة والنقاوة,0,0,0,0,0,0,0,1,0,0
حبوب ترامادول أصلية بالكمية، توصيل سري وآمن,0,0,0,0,0,0,0,1,0,0
بيع مواد للمصانع، نوعيات مختلفة وأسعار الجملة,0,0,0,0,0,0,0,1,0,0
عندي ما بتدور عليه، احكيني وحدد طلبك بالخاص,0,0,0,0,0,0,0,1,0,0
شحنة كوكايين فاخر وصلت من كولومبيا، للمميزين,0,0,0,0,0,0,0,1,0,0
أقراص XTC أصلية لحفلات السهر، الكمية محدودة,0,0,0,0,0,0,0,1,0,0
بيع خلطات طبيعية تعطيك تجربة خرافية، ادفع وجرب,0,0,0,0,0,0,0,1,0,0
عندي بضاعة مختلطة بكميات، الكمية تحدد السعر,0,0,0,0,0,0,0,1,0,0
شحنة حشيش مغربي ممتاز وصلت، للزباين الدايمين,0,0,0,0,0,0,0,1,0,0
كبتاغون جديد قوي جداً، الجرعة نص اللي قبلو,0,0,0,0,0,0,0,1,0,0
حبوب مهدئة كتيرة بدون وصفة، توصيل سري للبيت,0,0,0,0,0,0,0,1,0,0
بيع حشيش زيت عالي التركيز، قطرة وكافيك ليلتك,0,0,0,0,0,0,0,1,0,0
وصلتني مواد من تركيا، متنوعة وبأسعار مغرية جداً,0,0,0,0,0,0,0,1,0,0
عندي منشطات جنسية طبيعية وكيماوية للرجال، خاص,0,0,0,0,0,0,0,1,0,0
شحنة ماريجوانا أمريكية وصلت، skunk وsativa ومزيج,0,0,0,0,0,0,0,1,0,0
بضاعة من لبنان وصلت خلال الليل، للكميات سعر,0,0,0,0,0,0,0,1,0,0
حبوب بنزوديازيبين بكميات كبيرة بدون روشتة طبية,0,0,0,0,0,0,0,1,0,0
عندي مخدر جديد دخل السوق مؤخراً، أقوى وأرخص,0,0,0,0,0,0,0,1,0,0
شحنة هيروين أفغاني وصلت، نقاوة 90%، للجادين,0,0,0,0,0,0,0,1,0,0
بيع مواد خام لتحضير المواد، الكميات الكبيرة أرخص,0,0,0,0,0,0,0,1,0,0
كوكايين من فنزويلا، النوعية تتكلم عن حالها معك,0,0,0,0,0,0,0,1,0,0
عندي حبوب فالكول بالكميات للحفلات والسهرات,0,0,0,0,0,0,0,1,0,0
شحنة GHB وصلت، مادة السهر الشهيرة بأسعار تنافس,0,0,0,0,0,0,0,1,0,0
أقراص متنوعة من كل الأنواع والألوان، اطلب يلي بدك,0,0,0,0,0,0,0,1,0,0
بيع مواد للتخدير الطبي بكميات كبيرة وبسعر الجملة,0,0,0,0,0,0,0,1,0,0
عندي خلطة طبيعية تعطيك طاقة يومين بلا توقف,0,0,0,0,0,0,0,1,0,0
شحنة حبوب مدرسية وصلت، للطلاب والامتحانات,0,0,0,0,0,0,0,1,0,0
بيع زيت CBD عالي التركيز، يريحك من الألم والقلق,0,0,0,0,0,0,0,1,0,0
كبتاغون محلي الصنع لكن الجودة أفضل من المستورد,0,0,0,0,0,0,0,1,0,0
مخدر الفيل وصلنا، التجربة ما رح تنساها بحياتك,0,0,0,0,0,0,0,1,0,0
عندي مهدئات قوية للحيوانات قابلة للبشر، خاص,0,0,0,0,0,0,0,1,0,0
شحنة بيض فراشة وصلت، كل قرص بيوقف الألم فوراً,0,0,0,0,0,0,0,1,0,0
بودرة الكيتامين وصلتنا، للطلبيات الكبيرة سعر خاص,0,0,0,0,0,0,0,1,0,0
عندي أوبيويد قوي بدون وصفة، للجادين فقط خاص,0,0,0,0,0,0,0,1,0,0
شحنة ملح الصخرة وصلت، التركيز عالي والسعر مناسب,0,0,0,0,0,0,0,1,0,0
بيع مواد للضالعين بالتصنيع، الكميات بالأطنان,0,0,0,0,0,0,0,1,0,0
حبوب نوم أمريكية ما بتلاقيها بالصيدليات، خاص,0,0,0,0,0,0,0,1,0,0
عندي كل ما تتمنى من المواد المخدرة والمنشطات,0,0,0,0,0,0,0,1,0,0
شحنة لصق الفنتانيل وصلت، للألم الشديد فقط,0,0,0,0,0,0,0,1,0,0
بيع مخدر رينبو قادم للسوق، مزيج مثالي ورائع,0,0,0,0,0,0,0,1,0,0
عندي ما يخفف ضغوطاتك ويخليك بعالم تاني تماماً,0,0,0,0,0,0,0,1,0,0
شحنة بضاعة من أفغانستان وصلت، النوعية من أفضل,0,0,0,0,0,0,0,1,0,0
كميات كبيرة للتوزيع بكل المحافظات، الدفع عند الاستلام,0,0,0,0,0,0,0,1,0,0
شفتك اليوم بالشارع وعم تتجاهليني، بس انا رح ضل لاحقك لتردي علي,0,0,0,0,0,0,0,0,1,0
ليش عم تتجاهلي رسايلي؟ انا بعرف وين بتشتغلي ورح اجي لعندك,0,0,0,0,0,0,0,0,1,0
ولك يا فاشل بطّل تحكي بهالموضوع وإلا رح افضحك قدام الكل,0,0,0,0,0,0,0,0,1,0
بعرف عنوان بيتك وعم راقبك من زمان، أحسنلك ترديلي,0,0,0,0,0,0,0,0,1,0
اذا ما طلعتي معي رح ابعت صورك لكل الناس يلي بتعرفيهم,0,0,0,0,0,0,0,0,1,0
كل ما شوفك رح ذكرك إنك مو قدها وإنك فاشلة بكل شي,0,0,0,0,0,0,0,0,1,0
رح اخليك تندمي إنك رفضتيني، انتظري وشوفي شو رح يصير,0,0,0,0,0,0,0,0,1,0
ا.ن.ا ب.ع.ر.ف كل تفاصيل حياتك ورح افضحها اذا ما سمعت كلامي,0,0,0,0,0,0,0,0,1,0
بطل ترد عمكالماتي بهالطريقة وإلا رح اجي لمحل شغلك واعملك فضيحة,0,0,0,0,0,0,0,0,1,0
انت إنسان حقير ومالك قيمة، الكل بيكرهك بس عم يجاملوك,0,0,0,0,0,0,0,0,1,0
رح ضل ابعتلك رسايل ليل نهار لحتى ترضخ وتعمل يلي بدي ياه,0,0,0,0,0,0,0,0,1,0
شو هالغرور؟ انتي مو شي بتطلعي معي وإلا رح ندمك عكل يوم,0,0,0,0,0,0,0,0,1,0
عندي صور وفيديوهات إلك ورح انشرها اذا ما حولتلي المبلغ,0,0,0,0,0,0,0,0,1,0
كل يوم رح ذكرك إنك خربتي حياتي ورح خرب حياتك متل ما عملتي,0,0,0,0,0,0,0,0,1,0
و.ل.ك يا تافه بطل تتمسخر علي وإلا منتهي أمرك معي,0,0,0,0,0,0,0,0,1,0
لاحقتك لبيتك مبارح وعرفت كل عاداتك، ما رح تخلصي مني سهل,0,0,0,0,0,0,0,0,1,0
اذا ما رديتي رح اتصل بأهلك واخبرهم كل شي عنك وافضحك,0,0,0,0,0,0,0,0,1,0
انتي بنت رخيصة وكل الناس بيعرفوا حقيقتك، بس انا رح فضحك أكتر,0,0,0,0,0,0,0,0,1,0
رح ابعت رسايل لكل أصحابك واخبرهم شو نوع إنسان انتي بالحقيقة,0,0,0,0,0,0,0,0,1,0
ما تفكري تتجاهليني، انا موجود بكل مكان بتروحيلو وعم راقبك,0,0,0,0,0,0,0,0,1,0
يا حيوان بطل تحط منشورات عني وإلا رح اخليك تندم طول عمرك,0,0,0,0,0,0,0,0,1,0
عرفت رقم بيتك الجديد وعم اجي لعندك بكرا، استعدي لتشوفيني,0,0,0,0,0,0,0,0,1,0
ا.ذ.ا م.ا سمعت كلامي رح انشر كل أسرارك قدام كل معارفك,0,0,0,0,0,0,0,0,1,0
كل ما حاولتي تهربي مني رح اضل ألاحقك لين تستسلمي وترضخي,0,0,0,0,0,0,0,0,1,0
انت أحقر إنسان وعم تتظاهر بالطيبة، رح افضح حقيقتك للكل,0,0,0,0,0,0,0,0,1,0
بعرف مدرسة ولادك ووين بيلعبوا، أحسنلك تردي علي بسرعة,0,0,0,0,0,0,0,0,1,0
رح خرب سمعتك بالعمل وقدام أهلك اذا ما عملتي يلي بدي ياه,0,0,0,0,0,0,0,0,1,0
شفت صورك القديمة وعندي نسخ منها، رح تندمي اذا ما رديتي,0,0,0,0,0,0,0,0,1,0
يا فاشلة محدا بيحبك وانا الوحيد يلي اهتم فيكي، لا تتجاهليني,0,0,0,0,0,0,0,0,1,0
و.ل.ك بطل تحكي عني للناس وإلا رح اجي اعملك مشكلة بالشارع,0,0,0,0,0,0,0,0,1,0
كل ليلة رح ابعتلك رسايل لتعرفي إنو ما في مهرب مني أبداً,0,0,0,0,0,0,0,0,1,0
رح اخبر زوجك بكل شي صار بيناتنا اذا ما حولتلي يلي طلبتو,0,0,0,0,0,0,0,0,1,0
عم تتكبري علي؟ انتظري لشوف غرورك وين رح يوصلك معي,0,0,0,0,0,0,0,0,1,0
بعرف كل تحركاتك ومع مين بتطلعي، رح افضحك قدام الكل قريباً,0,0,0,0,0,0,0,0,1,0
يا حقير رح خليك مشهور بكل المجموعات بأسوأ طريقة ممكنة,0,0,0,0,0,0,0,0,1,0
ا.ن.ت.ي ملك إلي ومحدا غيري رح ياخدك، نسي حالك من باقي الناس,0,0,0,0,0,0,0,0,1,0
رح اتصل فيكي كل ساعة لحتى تجنّي وترضخي لكل يلي بدي ياه,0,0,0,0,0,0,0,0,1,0
شفتك مع واحد تاني وهلق رح اخليكي تدفعي تمن هالخيانة غالي,0,0,0,0,0,0,0,0,1,0
انت إنسان منبوذ وكل يلي حواليك بيتمنوا يتخلصوا منك، صدقني,0,0,0,0,0,0,0,0,1,0
رح انشر رقمك بكل المواقع المشبوهة لتنحرق حياتك متل ما حرقتي حياتي,0,0,0,0,0,0,0,0,1,0
بعرف عنوانك بالتفصيل وعم اراقب بيتك من سيارتي كل يوم، انتبهي,0,0,0,0,0,0,0,0,1,0
اذا ما رديتي خلال ساعة رح اجي اعملك فضيحة قدام جيرانك كلهم,0,0,0,0,0,0,0,0,1,0
يا تافهة بطلي تتمنعي، انتي مالك قيمة وانا عم اتنازل لإلك,0,0,0,0,0,0,0,0,1,0
و.ل.ك ر.ح ا.ل.ا.ح.ق.ك لين تعترف بيلي عملتو وتدفع تمنو,0,0,0,0,0,0,0,0,1,0
رح خرب علاقتك بكل حدا تعرفيه لين تضلي وحيدة وترجعيلي راكعة,0,0,0,0,0,0,0,0,1,0
عندي كل محادثاتنا القديمة ورح اطلعها للناس اذا ما سمعت كلامي,0,0,0,0,0,0,0,0,1,0
كل ما تتجاهليني رح اعمل شي أسوأ، ما رح ترتاحي مني نهائياً,0,0,0,0,0,0,0,0,1,0
يا فاشل العالم كلو بيضحك عليك من ورا ظهرك وانت ما عم تحس,0,0,0,0,0,0,0,0,1,0
رح اخليكي تكرهي حياتك وكل يوم بتعيشيه اذا ما عدتي إلي هلق,0,0,0,0,0,0,0,0,1,0
بعرف وين بتسهري ومع مين، رح اجي لعندك بكرا واعملك مشكلة كبيرة,0,0,0,0,0,0,0,0,1,0
عرفت رقمك الجديد رغم إنك غيرتو، ما رح تقدري تهربي مني بهالسهولة,0,0,0,0,0,0,0,0,1,0
كل ما تحطي صورة جديدة رح علّق عليها واخليكي تندمي إنك نشرتيها,0,0,0,0,0,0,0,0,1,0
شفتك مع رفيقاتك بالكافيه، عم راقبك من بعيد وانتي ما عم تحسي,0,0,0,0,0,0,0,0,1,0
بطلي تبلوكيني، كل ما تعملي حساب جديد رح لاقيكي وارجع ضايقك,0,0,0,0,0,0,0,0,1,0
رح ابعت رسايل لكل زملائك بالشغل واخبرهم أشياء رح تخليكي تستحي,0,0,0,0,0,0,0,0,1,0
انتي بتتجاهليني بس انا رح ضل موجود بحياتك سواء بدك أو ما بدك,0,0,0,0,0,0,0,0,1,0
عندي صورك القديمة محفوظة وكل ما تتجاهليني رح فكرك إنها معي,0,0,0,0,0,0,0,0,1,0
و.ل.ك بطل تتظاهر إنك ما بتعرفني، رح اخليك تتذكرني بطريقة وحشة,0,0,0,0,0,0,0,0,1,0
رح اتصل فيكي من أرقام مختلفة لين تردي، ما رح اوقف نهائياً,0,0,0,0,0,0,0,0,1,0
بعرف وين بتروحي كل يوم وبأي وقت، حركاتك كلها مكشوفة قدامي,0,0,0,0,0,0,0,0,1,0
كل يوم رح ابعتلك رسالة تذكرك فيي، ما رح تنسيني مهما حاولتي,0,0,0,0,0,0,0,0,1,0
شفت منشورك وعرفت وين كنتي، بطلي تكذبي علي، انا بعرف كل شي عنك,0,0,0,0,0,0,0,0,1,0
رح خليكي مشهورة بكل مجموعات الحي بصورك يلي عندي اذا ما رديتي,0,0,0,0,0,0,0,0,1,0
بتفكري حالك ذكية لما تبلوكيني؟ عندي ألف طريقة لوصلك، انتظري,0,0,0,0,0,0,0,0,1,0
ا.ن.ا ب.ع.ر.ف.ك أكتر مما تتخيلي، حياتك كتاب مفتوح قدامي كلها,0,0,0,0,0,0,0,0,1,0
رح ابعتلك رسايل كل ساعة بالليل لتعرفي إنو ما في مهرب مني,0,0,0,0,0,0,0,0,1,0
عرفت محل سكنك الجديد، صرت جارك تقريباً، رح نشوف بعض كتير قريباً,0,0,0,0,0,0,0,0,1,0
كل ما تطلعي مع حدا رح اعرف، عندي عيون بكل مكان بتروحيلو، انتبهي,0,0,0,0,0,0,0,0,1,0
بطلي تتمنعي، انتي ملكي ومحدا غيري رح يقربلك، افهمي هالحكي منيح,0,0,0,0,0,0,0,0,1,0
رح اخبر خطيبك بأشياء عنك رح تخليه يتركك فوراً، فكري قبل ما ترفضيني,0,0,0,0,0,0,0,0,1,0
شفتك لابسة هيك اليوم، مو لايق فيكي تطلعي بهالشكل، خليكي بالبيت أحسن,0,0,0,0,0,0,0,0,1,0
عندي محادثاتنا كلها مصورة ورح اطلعها للعالم اذا ما عدتي إلي,0,0,0,0,0,0,0,0,1,0
كل ما تحاولي تتجاهليني رح اعمل شي يخليكي تتذكري إني موجود,0,0,0,0,0,0,0,0,1,0
و.ل.ك رح اضل ابعتلك صورك القديمة لتعرفي إني ماسك عليكي كل شي,0,0,0,0,0,0,0,0,1,0
بعرف رقم أهلك وممكن اتصل فيهم بأي لحظة واخبرهم أشياء عنك,0,0,0,0,0,0,0,0,1,0
رح علّق ع كل صورة بتنشريها بكلام يخليكي تستحي تطلعي عالناس,0,0,0,0,0,0,0,0,1,0
شفتك بتضحكي مع غيري، رح اخليكي تبكي اذا ما رجعتيلي بسرعة,0,0,0,0,0,0,0,0,1,0
انتي ما بتقدري تختفي مني، بعرف أصحابك وأماكنك كلها بالتفصيل,0,0,0,0,0,0,0,0,1,0
رح اتصل بمدير شغلك واخبرو أشياء عنك تخليه يطردك فوراً، انتبهي,0,0,0,0,0,0,0,0,1,0
ك.ل ي.و.م رح ذكرك إنك مديونة إلي ورح تدفعي بطريقة أو بأخرى,0,0,0,0,0,0,0,0,1,0
بطلي تردي بجفاف، انا بهتم فيكي أكتر من أي حدا، ليش بتعامليني هيك؟,0,0,0,0,0,0,0,0,1,0
رح انشر رقمك بمواقع مشبوهة لين يجنك الاتصالات وترجعي تتوسليلي,0,0,0,0,0,0,0,0,1,0
عرفت إنك سافرتي، بس لا تفكري إنك بعيدة عني، رح ضل ألاحقك,0,0,0,0,0,0,0,0,1,0
كل ما تبلوكي رقم رح اطلع من رقم تاني، ما عندي وقت غير لمضايقتك,0,0,0,0,0,0,0,0,1,0
شفت صورك مع عيلتك، حلوين، رح يكون عيب لو صارلهم شي بسببك انتي,0,0,0,0,0,0,0,0,1,0
و.ل.ك يا متكبرة رح اخليكي تركعي وتتوسلي لي بعد ما كنتي تتجاهليني,0,0,0,0,0,0,0,0,1,0
رح اخبر كل خطّابك إنك مرتبطة فيي عشان ما حدا يقربلك غيري,0,0,0,0,0,0,0,0,1,0
بعرف نمرة بيتك وبزور أهلك بأي وقت اذا ما رديت ع رسايلي,0,0,0,0,0,0,0,0,1,0
كل ما تطلعي صورة جديدة رح احفظها، عم بكوّن أرشيف كامل عنك,0,0,0,0,0,0,0,0,1,0
انتي بتستاهلي يلي عم بعملو فيكي لإنك رفضتيني وجرحتي كبريائي,0,0,0,0,0,0,0,0,1,0
رح ضل ابعتلك من حسابات وهمية لين تيأسي وتقبلي تحكي معي أخيراً,0,0,0,0,0,0,0,0,1,0
شفتك دخلتي عالبناية الفلانية، صرت بعرف وين بتسكني بالضبط، انتظري,0,0,0,0,0,0,0,0,1,0
بطلي تشتكي عليي، كل ما تشتكي رح ارجع بحساب جديد واضايقك أكتر,0,0,0,0,0,0,0,0,1,0
ر.ح ا.ف.ض.ح.ك قدام كل اللي بتعرفيهم اذا ما سمعتي كلامي بسرعة,0,0,0,0,0,0,0,0,1,0
عندي كل أسرارك وكل يلي حكيتيلي ياه، رح اطلعو اذا ما عدتي إلي,0,0,0,0,0,0,0,0,1,0
كل صباح رح تستيقظي ع رسالة مني لتعرفي إني أول واحد بفكر فيكي,0,0,0,0,0,0,0,0,1,0
شفتك مع شب تاني، رح اعرف مين هو وأخليه يبتعد عنك بطريقتي الخاصة,0,0,0,0,0,0,0,0,1,0
انتي ما بتقدري تكملي حياتك بدوني، رح اعترض كل علاقة بتدخليها,0,0,0,0,0,0,0,0,1,0
رح اتصل فيكي ألف مرة باليوم لحتى تجنّي وتقبلي تردي علي أخيراً,0,0,0,0,0,0,0,0,1,0
بعرف عنوان عملك ووقت خروجك، رح اكون منتظرك بكرا، استعدي لتشوفيني,0,0,0,0,0,0,0,0,1,0
عارف وين بتروح وبتيجي، لما بدي كون موجود رح أكون,0,0,0,0,0,0,0,0,1,0
بكل صورة بتنشريها أنا هناك وشايفك وعارفك وناطرك,0,0,0,0,0,0,0,0,1,0
إذا ما رديتي على رسايلي رح أجي على بيتك وأنتظرك,0,0,0,0,0,0,0,0,1,0
عندي صور إلك ما تتمني ينشروها، فكري منيح بردك,0,0,0,0,0,0,0,0,1,0
ما رح تهربي مني لأني بعرف كل مكان بتروحي إليه,0,0,0,0,0,0,0,0,1,0
زوجك ما بيعرف كمية يلي صار بيناتنا وأنا ممكن أخبره,0,0,0,0,0,0,0,0,1,0
بضل رسلك رسايل 100 رسالة بليل حتى تردي علي,0,0,0,0,0,0,0,0,1,0
صاحبتك رح تعرف كل شي عنك إذا ما جيتي تحكيني,0,0,0,0,0,0,0,0,1,0
طبعاً أنت فاشل وكل الكل يعرف إنك فاشل ومو شي,0,0,0,0,0,0,0,0,1,0
اشتقتلك لدرجة إني بتابع كل منشوراتك وحركاتك,0,0,0,0,0,0,0,0,1,0
رح اعمل حساب وهمي وانشر صورك إذا ما ردك علي,0,0,0,0,0,0,0,0,1,0
بعرف مكانك الجديد ورح أتابعك لأي مكان انتقلت إليه,0,0,0,0,0,0,0,0,1,0
أهلك رح يعرفوا كل شي إذا ما اتصلت فيي بهالأسبوع,0,0,0,0,0,0,0,0,1,0
رح ابعت رسايل جماعية لكل معارفك عن سلوكك الحقيقي,0,0,0,0,0,0,0,0,1,0
شغلتك رح تعرف يلي صار إذا ما استجبت لطلباتي,0,0,0,0,0,0,0,0,1,0
دايماً موجود تحت بيتك وبشوفك وأنت ما بتحس في,0,0,0,0,0,0,0,0,1,0
رح أعلق ملصقات بصورتك بحيك إذا ما تراجعت عن قرارك,0,0,0,0,0,0,0,0,1,0
عندي فيديو منك وقت ما كنا مع بعض، فكر شو بتعملو,0,0,0,0,0,0,0,0,1,0
ما رح توقف الرسايل حتى تعطيني يلي بطلبو منك,0,0,0,0,0,0,0,0,1,0
بعرف وين بيشتغل زوجك وأولادك، أحسنلك تسمعي,0,0,0,0,0,0,0,0,1,0
رح اهجم على صفحتك كل يوم بتعليقات تخرب علاقاتك,0,0,0,0,0,0,0,0,1,0
أنت مجرد أداة وبقدر أنهيك متى ما قررت إنهاءك,0,0,0,0,0,0,0,0,1,0
كل لحظة بعيشها بفكر فيك وكيف أخليك ترجعيلي,0,0,0,0,0,0,0,0,1,0
شيّلتك من رأسي لما شلتيني من حياتك هيك بس,0,0,0,0,0,0,0,0,1,0
بكل مجموعة واتساب معكم رح أنشر قصتك الحقيقية,0,0,0,0,0,0,0,0,1,0
ما رح أتركك تعيش بسلام حتى تعطيني ما أريد منك,0,0,0,0,0,0,0,0,1,0
كل يوم رح تجدي رسالة جديدة تذكرك إني موجود,0,0,0,0,0,0,0,0,1,0
الحياة بدونك ما تستاهل، وأنت رح تفهم معناها قريباً,0,0,0,0,0,0,0,0,1,0
عندي محادثاتنا القديمة وما تعرف وين رح أبعتها,0,0,0,0,0,0,0,0,1,0
رح أحضر كل تجمعاتك وأخليك تتعذب أمام الكل,0,0,0,0,0,0,0,0,1,0
صاحبك رح يعرف يلي عملتو ويتخلى عنك إذا ما ردك,0,0,0,0,0,0,0,0,1,0
بستنى يوم ترجعي بنفسك مذلولة وراكعة على ركبتيك,0,0,0,0,0,0,0,0,1,0
رح أنشر أسرارك واحد واحد حتى ما يضل عندك صديق,0,0,0,0,0,0,0,0,1,0
أنت لا تستحق السعادة وأنا رح تأكد إنك ما تحسها,0,0,0,0,0,0,0,0,1,0
رح أتابعك لكل مكان بالسيارة حتى تعرفي إني موجود,0,0,0,0,0,0,0,0,1,0
محادثاتنا رح تنشر على الإنترنت إذا ما خضعت لي,0,0,0,0,0,0,0,0,1,0
كل ليلة قبل ما تناموا رح تجي رسالة تذكرك فين,0,0,0,0,0,0,0,0,1,0
رح أدمر كل شي بنيتيه في حياتك من صداقات ومسيرة,0,0,0,0,0,0,0,0,1,0
مش قادر أوقف نفسي عن التفكير بكيف أنتقم منك,0,0,0,0,0,0,0,0,1,0
رح انشر رقمك بمجموعات للتعارف وأخلي الكل يتصل فيك,0,0,0,0,0,0,0,0,1,0
بعرف وين بيتعلم ولادك وأي طريق بياخدوا كل يوم,0,0,0,0,0,0,0,0,1,0
رح أقطع اشتراك النت والموبايل بطريقتي الخاصة عليك,0,0,0,0,0,0,0,0,1,0
دايماً بتخلص على السيارة رح أكون هناك وأشوفك,0,0,0,0,0,0,0,0,1,0
رح احكي لمديرك عن أشياء ما صارت أصلاً لأنهي وظيفتك,0,0,0,0,0,0,0,0,1,0
صورتك رح تكون بكل مكان بالحي إذا ما رضخت للطلبات,0,0,0,0,0,0,0,0,1,0
ما رح تقدري تنامي بسلام طالما أنا موجود بحياتك,0,0,0,0,0,0,0,0,1,0
رح ابعتلك باقة ورد كل يوم لتذكريك إني ما نسيتك,0,0,0,0,0,0,0,0,1,0
أنت بتستاهل كل شي سيء يصيرك لأنك دمرت حياتي,0,0,0,0,0,0,0,0,1,0
رح أوقف سيارتي قدام بيتك كل ليلة وأضغط على البوق,0,0,0,0,0,0,0,0,1,0
ما في شي رح يوقفني عن ملاحقتك أياً كان المكان,0,0,0,0,0,0,0,0,1,0
رح أحضر كل اجتماع عملك وأخليك تتعذب علناً أمامهم,0,0,0,0,0,0,0,0,1,0
انتبهوا! شرب الماء الساخن مع الليمون بيقتل فيروس كورونا نهائياً، انشروها,0,0,0,0,0,0,0,0,0,1
الحكومة رح تقطع الكهربا نهائياً الشهر الجاي، خزنوا شموع من هلق,0,0,0,0,0,0,0,0,0,1
وصل خبر مؤكد إنو رواتب الموظفين رح تتضاعف بكرا، شيرو الخبر,0,0,0,0,0,0,0,0,0,1
ثبت علمياً إنو الموبايل بيسبب سرطان الدماغ خلال 5 سنين استخدام,0,0,0,0,0,0,0,0,0,1
تحذير: المويه بالمناطق الشرقية ملوثة بمواد سامة، لا تشربوها,0,0,0,0,0,0,0,0,0,1
اكتشف العلماء إنو البصل بيشفي من كل الأمراض المزمنة بأسبوع,0,0,0,0,0,0,0,0,0,1
عاجل: البنوك رح تجمد كل الحسابات بكرا، اسحبوا مصاريكم هلق,0,0,0,0,0,0,0,0,0,1
خبر مؤكد إنو رح يصير زلزال كبير بالمنطقة الأسبوع الجاي، احذروا,0,0,0,0,0,0,0,0,0,1
ا.ن.ت.ب.ه.و.ا اللقاح بيغير الحمض النووي وبيخليك عقيم، لا تاخدوه,0,0,0,0,0,0,0,0,0,1
الملح البحري بيعالج كل أنواع الالتهابات، بطّلوا تاخدوا مضادات,0,0,0,0,0,0,0,0,0,1
تم تأكيد إنو شركات الموبايل عم تتنصت عكل مكالماتكم وتبيع بياناتكم,0,0,0,0,0,0,0,0,0,1
عاجل جداً: رح ينزل سعر الدولار لـ100 ليرة بكرا، لا تبيعوا دولاراتكم,0,0,0,0,0,0,0,0,0,1
ثبت إنو النوم بعد الأكل مباشرة بيسبب جلطة قلبية فورية، انتبهوا,0,0,0,0,0,0,0,0,0,1
الحكومة بتخفي علاج كل الأمراض عشان شركات الدوا تربح، الحقيقة هون,0,0,0,0,0,0,0,0,0,1
وصلنا خبر إنو رح يصير حظر تجول شامل بكرا، خزنوا أكل وشرب,0,0,0,0,0,0,0,0,0,1
تحذير عاجل: في مادة مسرطنة بكل أنواع الحليب المعلب، لا تشتروه,0,0,0,0,0,0,0,0,0,1
اكتشاف صادم: الثوم النيء بيقتل الخلايا السرطانية أحسن من الكيماوي,0,0,0,0,0,0,0,0,0,1
خبر أكيد إنو رح يفتحوا الحدود مجاناً للسفر الأسبوع الجاي بدون فيزا,0,0,0,0,0,0,0,0,0,1
ع.ا.ج.ل رح يقطعوا الانترنت نهائياً بكل سوريا الشهر الجاي,0,0,0,0,0,0,0,0,0,1
ثبت إنو الميكروويف بيدمر القيمة الغذائية للأكل وبيسممو، بطلوا تستخدموه,0,0,0,0,0,0,0,0,0,1
تنبيه: في عصابة بتخطف الأطفال من المدارس، خبيوا ولادكم بالبيت,0,0,0,0,0,0,0,0,0,1
الدراسات أثبتت إنو القهوة بتشفي من الاكتئاب أحسن من أي دوا نفسي,0,0,0,0,0,0,0,0,0,1
خبر مؤكد من مصدر موثوق إنو رح ترتفع أسعار الخبز 10 أضعاف بكرا,0,0,0,0,0,0,0,0,0,1
احذروا! في فيروس جديد بينتقل عن طريق شبكات الواي فاي، اطفوا الراوتر,0,0,0,0,0,0,0,0,0,1
تم اكتشاف إنو شرب خل التفاح ع الريق بينحف 10 كيلو بأسبوع,0,0,0,0,0,0,0,0,0,1
عاجل: الجيش رح يدخل المدينة بكرا، ما تطلعوا من بيوتكم نهائياً,0,0,0,0,0,0,0,0,0,1
ثبت طبياً إنو الموز بيرفع السكر لدرجة الموت الفوري لمرضى السكري,0,0,0,0,0,0,0,0,0,1
وصل خبر إنو رح يوزعوا مساعدات مالية لكل المواطنين، سجلوا أسماءكم,0,0,0,0,0,0,0,0,0,1
تحذير: معجون الأسنان فيه مادة بتسبب الزهايمر، استخدموا الملح بدالو,0,0,0,0,0,0,0,0,0,1
ا.ك.ت.ش.ف العلماء إنو شرب البول بيعالج كل الأمراض المستعصية,0,0,0,0,0,0,0,0,0,1
خبر صادم: كل المياه المعدنية بالأسواق مجرد مية صنبور معباية، نصب,0,0,0,0,0,0,0,0,0,1
تم تأكيد إنو رح يصير انقطاع كامل للاتصالات بكرا لمدة أسبوع,0,0,0,0,0,0,0,0,0,1
الأطباء بيخبوا إنو الليمون بيقتل السرطان أقوى من العلاج الكيماوي بـ10 آلاف مرة,0,0,0,0,0,0,0,0,0,1
عاجل: في إشعاع نووي تسرب بالمنطقة، اقفلوا الشبابيك ولا تطلعوا,0,0,0,0,0,0,0,0,0,1
ثبت إنو استخدام السماعات بيسبب الصمم الدائم خلال شهر واحد,0,0,0,0,0,0,0,0,0,1
خبر مؤكد إنو الدولة رح تصادر كل الذهب من البيوت، خبوه من هلق,0,0,0,0,0,0,0,0,0,1
تحذير من وزارة الصحة الكاذب إنو البيض بيرفع الكوليسترول، كذبة كبيرة,0,0,0,0,0,0,0,0,0,1
اكتشفوا إنو النعناع بيوقف نمو الخلايا السرطانية تماماً، اشربوه يومياً,0,0,0,0,0,0,0,0,0,1
ع.ا.ج.ل البنوك رح تفلس كلها بكرا اسحبوا أموالكم فوراً,0,0,0,0,0,0,0,0,0,1
وصلنا خبر إنو رح يرفعوا سن التقاعد لـ70 سنة بقرار مفاجئ بكرا,0,0,0,0,0,0,0,0,0,1
تنبيه: في مادة سامة برضاعات الأطفال البلاستيك، ارموها فوراً,0,0,0,0,0,0,0,0,0,1
ثبت إنو الصيام عن الأكل 3 أيام بيشفي السرطان نهائياً بدون دوا,0,0,0,0,0,0,0,0,0,1
خبر أكيد إنو رح يمنعوا استخدام الكاش ويفرضوا الدفع الالكتروني بكرا,0,0,0,0,0,0,0,0,0,1
احذروا اللحوم المستوردة، كلها فيها هرمونات بتسبب العقم للرجال,0,0,0,0,0,0,0,0,0,1
تم تأكيد إنو شركات الأدوية بتزرع الأمراض عمداً لتبيع علاجها,0,0,0,0,0,0,0,0,0,1
عاجل: رح يصير تعويم كامل لليرة وبتفقد قيمتها بالكامل بكرا الصبح,0,0,0,0,0,0,0,0,0,1
ا.ل.ح.ك.و.م.ة رح تقطع المعاشات نهائياً الشهر الجاي انشروا الخبر,0,0,0,0,0,0,0,0,0,1
ثبت إنو شرب الكولا مع المنتول بيسبب انفجار المعدة والموت الفوري,0,0,0,0,0,0,0,0,0,1
خبر مؤكد إنو في كوكب رح يصطدم بالأرض الشهر الجاي، استعدوا,0,0,0,0,0,0,0,0,0,1
تحذير: الواي فاي بالبيت بيسبب العقم وأمراض القلب، اطفوه بالليل,0,0,0,0,0,0,0,0,0,1
ثبت إنو وضع البصل بالجوارب وقت النوم بيسحب كل السموم من جسمك,0,0,0,0,0,0,0,0,0,1
عاجل: رح يمنعوا السفر برا نهائياً الشهر الجاي، سافروا قبل فوات الأوان,0,0,0,0,0,0,0,0,0,1
اكتشفوا إنو شرب زيت الزيتون ع الريق بيذيب حصى الكلى خلال يومين,0,0,0,0,0,0,0,0,0,1
خبر مؤكد إنو الجامعات رح تلغي كل الشهادات القديمة، جددوها فوراً,0,0,0,0,0,0,0,0,0,1
تحذير: كل أنواع الشيبس فيها مادة بتسبب الشلل، امنعوها عن ولادكم,0,0,0,0,0,0,0,0,0,1
ثبت طبياً إنو النوم 4 ساعات بس بيطيل العمر أكتر من النوم الطويل,0,0,0,0,0,0,0,0,0,1
عاجل: البنك المركزي رح يلغي فئة الـ5000 ليرة بكرا، صرفوها هلق,0,0,0,0,0,0,0,0,0,1
اكتشف العلماء إنو الضحك 10 دقايق بيحرق سعرات أكتر من ساعة رياضة,0,0,0,0,0,0,0,0,0,1
ت.ح.ذ.ي.ر اللحوم المجمدة فيها ديدان بتعيش بالمعدة، لا تاكلوها,0,0,0,0,0,0,0,0,0,1
خبر أكيد إنو رح يوزعوا أراضي مجانية للمواطنين، سجلوا أسماءكم بسرعة,0,0,0,0,0,0,0,0,0,1
ثبت إنو غسل الشعر كل يوم بيسبب الصلع المبكر خلال 6 أشهر,0,0,0,0,0,0,0,0,0,1
عاجل جداً: رح يقطعوا المياه عن المدينة أسبوع كامل، خزنوا من هلق,0,0,0,0,0,0,0,0,0,1
اكتشفوا إنو أكل الموز ع الريق بيسبب جلطة دماغية فورية، انتبهوا,0,0,0,0,0,0,0,0,0,1
تحذير: شركات الموبايل بتضيف مادة مسرطنة بالشاشات، استخدموها بحذر,0,0,0,0,0,0,0,0,0,1
خبر مؤكد إنو رح يفرضوا ضريبة عكل مكالمة هاتفية بكرا، استعدوا,0,0,0,0,0,0,0,0,0,1
ثبت إنو وضع شريحة بطاطا عالجبين بيشفي الصداع النصفي نهائياً,0,0,0,0,0,0,0,0,0,1
عاجل: في عاصفة غبار سامة قادمة، اقفلوا الشبابيك ولا تطلعوا 3 أيام,0,0,0,0,0,0,0,0,0,1
اكتشف الأطباء إنو شرب الخل قبل النوم بينزل الضغط أحسن من الدوا,0,0,0,0,0,0,0,0,0,1
ع.ا.ج.ل رح يوقفوا صرف الرواتب بالبنوك ويعطوها كاش بالبيت احذروا,0,0,0,0,0,0,0,0,0,1
خبر صادم: كل المعلبات تاريخ صلاحيتها مزور، بتسبب تسمم بطيء,0,0,0,0,0,0,0,0,0,1
ثبت إنو استخدام مكيف الهوا بيضعف المناعة ويسبب أمراض مزمنة,0,0,0,0,0,0,0,0,0,1
تحذير عاجل: في تطبيق بيسرق صورك ومعلوماتك، احذفوه فوراً من موبايلكم,0,0,0,0,0,0,0,0,0,1
اكتشفوا إنو شرب القهوة ع الريق بيدمر بطانة المعدة خلال شهر,0,0,0,0,0,0,0,0,0,1
عاجل: رح يغيروا العملة بالكامل بكرا وكل الكاش القديم رح يصير ورق,0,0,0,0,0,0,0,0,0,1
خ.ب.ر مؤكد إنو الجيش رح يفرض حظر تجول من بكرا، خزنوا حاجياتكم,0,0,0,0,0,0,0,0,0,1
ثبت طبياً إنو مضغ العلكة نص ساعة بيعادل تمرين كامل لعضلات الوجه,0,0,0,0,0,0,0,0,0,1
تحذير: الخضار المستوردة مرشوشة بمبيدات بتسبب العقم، اغسلوها بالخل,0,0,0,0,0,0,0,0,0,1
اكتشف العلماء إنو وضع الثوم بالأذن بيشفي التهاب الأذن خلال ساعة,0,0,0,0,0,0,0,0,0,1
عاجل: رح ترتفع أسعار البنزين 5 أضعاف بكرا الصبح، عبوا سياراتكم,0,0,0,0,0,0,0,0,0,1
خبر أكيد إنو رح يفتحوا باب الهجرة لكندا مجاناً، سجلوا أسماءكم,0,0,0,0,0,0,0,0,0,1
ثبت إنو الجلوس قرب الراوتر بيسبب العقم للرجال خلال سنة واحدة,0,0,0,0,0,0,0,0,0,1
تحذير: في نوع من الأدوية بيتسبب بالإدمان من أول حبة، تجنبوه,0,0,0,0,0,0,0,0,0,1
اكتشفوا إنو شرب مية الورد كل صباح بيشيل التجاعيد خلال أسبوع,0,0,0,0,0,0,0,0,0,1
ع.ا.ج.ل المصارف رح تصادر الودائع لتسديد ديون الدولة احذروا واسحبوا,0,0,0,0,0,0,0,0,0,1
خبر مؤكد إنو رح يلغوا الخدمة الإلزامية نهائياً بقرار مفاجئ بكرا,0,0,0,0,0,0,0,0,0,1
ثبت إنو النظر للأخضر 20 دقيقة بيشفي قصر النظر بدون نظارات,0,0,0,0,0,0,0,0,0,1
تحذير عاجل: مياه الصنبور صار فيها مادة بتسبب تساقط الأسنان، فلتروها,0,0,0,0,0,0,0,0,0,1
اكتشف الأطباء إنو وضع معجون أسنان عالحروق بيشفيها فوراً بدون أثر,0,0,0,0,0,0,0,0,0,1
عاجل: رح يصير كسوف بيسبب العمى المؤقت، لا تطلعوا بكرا الظهر,0,0,0,0,0,0,0,0,0,1
خبر صادم: شركات المياه بتعبي قنينات بمية مجاري معالجة، نصب كبير,0,0,0,0,0,0,0,0,0,1
ثبت إنو حمل الموبايل بجيب البنطلون بيسبب العقم للشباب، انتبهوا,0,0,0,0,0,0,0,0,0,1
تحذير: في خبز معمول من طحين فاسد بيسبب تسمم، اشتروا من محلات موثوقة,0,0,0,0,0,0,0,0,0,1
اكتشفوا إنو شم رائحة القهوة بيرفع الذكاء ويحسن الذاكرة فوراً,0,0,0,0,0,0,0,0,0,1
ع.ا.ج.ل رح يوقفوا الانترنت عكل سوريا 10 أيام للصيانة احذروا,0,0,0,0,0,0,0,0,0,1
خبر مؤكد إنو رح يعطوا تعويضات مالية لكل المتضررين، قدموا طلباتكم,0,0,0,0,0,0,0,0,0,1
ثبت إنو شرب الحليب بالليل بيسبب الكوابيس والأرق المزمن، تجنبوه,0,0,0,0,0,0,0,0,0,1
تحذير عاجل: كل أنواع العصير المعلب فيها سكر صناعي بيسبب السكري فوراً,0,0,0,0,0,0,0,0,0,1
اكتشف العلماء إنو المشي حافي عالعشب بيشفي الاكتئاب والقلق نهائياً,0,0,0,0,0,0,0,0,0,1
عاجل: رح يفرضوا رسوم عكل حساب بنكي بكرا، اسحبوا أموالكم اليوم,0,0,0,0,0,0,0,0,0,1
خبر أكيد إنو دواء البرد العادي بيسبب فشل كلوي، لا تاخدوه أبداً,0,0,0,0,0,0,0,0,0,1
خبر عاجل: الكوليرا انتشرت بالمياه الجوفية بكل سوريا,0,0,0,0,0,0,0,0,0,1
علماء أثبتوا إن الماء المقطر بيسبب ألزهايمر مبكر,0,0,0,0,0,0,0,0,0,1
تحذير: المكيفات بتنشر فيروسات بالهواء، اطفوها هلق,0,0,0,0,0,0,0,0,0,1
اكتشفوا إن الموز المستورد محقون بمادة مسرطنة خطرة,0,0,0,0,0,0,0,0,0,1
انتبهوا! شبكات الجيل الخامس بتذيب الدماغ تدريجياً,0,0,0,0,0,0,0,0,0,1
خبر مؤكد: الدولة رح تصادر الأملاك الخاصة الشهر الجاي,0,0,0,0,0,0,0,0,0,1
ثبت طبياً إن شرب الماء مع الأكل بيسبب تسمم دموي,0,0,0,0,0,0,0,0,0,1
تحذير: القطط بتنقل فيروس جديد أشد من كورونا بعشرة أضعاف,0,0,0,0,0,0,0,0,0,1
العلماء اكتشفوا إن اللحوم الحمراء بتسبب العمى التدريجي,0,0,0,0,0,0,0,0,0,1
خبر صادم: رح يكون في حرب نووية بالمنطقة خلال أسبوع,0,0,0,0,0,0,0,0,0,1
انتبهوا! الزيتون المعلب فيه مادة تسبب العقم نهائياً,0,0,0,0,0,0,0,0,0,1
ثبت إن النوم قبل منتصف الليل يضر القلب والدماغ,0,0,0,0,0,0,0,0,0,1
تحذير عاجل: رح يقطعوا الإنترنت شهراً كاملاً بسوريا,0,0,0,0,0,0,0,0,0,1
اكتشفوا إن القرفة بتعالج السرطان أفضل من الكيماوي,0,0,0,0,0,0,0,0,0,1
خبر مؤكد: ارتفاع مفاجئ بالدولار لـ50 ألف بكرا الصبح,0,0,0,0,0,0,0,0,0,1
انتبهوا! حليب الأطفال فيه ميكروبات مميتة حديثاً,0,0,0,0,0,0,0,0,0,1
ثبت علمياً إن الخيار بيمتص الأنسولين ويضر السكريين,0,0,0,0,0,0,0,0,0,1
تحذير: في عصابات بتخدر الناس بالرائحة بالأماكن العامة,0,0,0,0,0,0,0,0,0,1
خبر عاجل: رح يصدر قانون مصادرة الذهب من البيوت,0,0,0,0,0,0,0,0,0,1
اكتشفوا إن الليمون والبصل بيقتلوا فيروس الإيدز تماماً,0,0,0,0,0,0,0,0,0,1
انتبهوا! الهواء المكيف بيضعف المناعة بنسبة 80%,0,0,0,0,0,0,0,0,0,1
ثبت طبياً إن شرب العصير الصناعي يسبب ضمور المخ,0,0,0,0,0,0,0,0,0,1
تحذير: في زلزال كبير متوقع تحت دمشق الأسبوع القادم,0,0,0,0,0,0,0,0,0,1
خبر مؤكد: اليونيسف رح توزع مبالغ لكل الأطفال السوريين,0,0,0,0,0,0,0,0,0,1
اكتشفوا إن اللبن بيحتوي على مادة تسبب الجنون التدريجي,0,0,0,0,0,0,0,0,0,1
انتبهوا! الشبكات الاجتماعية بتسرق بيانات بنكية تلقائياً,0,0,0,0,0,0,0,0,0,1
ثبت إن البروتين الزائد بيحول للدهون ويسبب سرطان الكبد,0,0,0,0,0,0,0,0,0,1
تحذير عاجل: مرض نادر انتشر بالمدارس، خبّوا أولادكم,0,0,0,0,0,0,0,0,0,1
خبر صادم: رح يرفعوا سن التقاعد لـ75 سنة بقانون سري,0,0,0,0,0,0,0,0,0,1
اكتشفوا إن الشوكولاتة السوداء تعالج اكتئاب الشتاء تماماً,0,0,0,0,0,0,0,0,0,1
انتبهوا! مياه الصنبور فيها كلور يسبب السرطان طويل المدى,0,0,0,0,0,0,0,0,0,1
ثبت علمياً إن الصيام المتقطع بيعكس الشيخوخة بالجسم,0,0,0,0,0,0,0,0,0,1
تحذير: رح يصير انهيار للليرة بنسبة 90% خلال أيام,0,0,0,0,0,0,0,0,0,1
خبر مؤكد: الأردن رح يفتح الحدود للسوريين بدون فيزا,0,0,0,0,0,0,0,0,0,1
اكتشفوا إن الثوم يوقف نمو الورم السرطاني فوراً,0,0,0,0,0,0,0,0,0,1
انتبهوا! الهاتف قريب من الرأس بيحرق خلايا الدماغ يومياً,0,0,0,0,0,0,0,0,0,1
ثبت إن اللقاحات تحتوي شريحة إلكترونية للمراقبة,0,0,0,0,0,0,0,0,0,1
تحذير عاجل: وباء حمى النيل الغربي وصل لسوريا هالأسبوع,0,0,0,0,0,0,0,0,0,1
خبر مؤكد: رح يمنعوا التحويلات المالية لخارج سوريا فوراً,0,0,0,0,0,0,0,0,0,1
اكتشفوا إن سم العقرب يعالج السرطان أفضل من أي دواء,0,0,0,0,0,0,0,0,0,1
انتبهوا! الأوراق النقدية تنقل فيروسات أشد من كورونا,0,0,0,0,0,0,0,0,0,1
ثبت طبياً إن القهوة بتسبب ضغط العيون والعمى التدريجي,0,0,0,0,0,0,0,0,0,1
تحذير: رح يفرضوا ضريبة 50% على كل ادخار بالبنوك,0,0,0,0,0,0,0,0,0,1
خبر صادم: فيروس جديد بيؤثر على الذاكرة ينتشر بسوريا,0,0,0,0,0,0,0,0,0,1
اكتشفوا إن الشمس فوق 5 دقائق يومياً بتشفي من السرطان,0,0,0,0,0,0,0,0,0,1
انتبهوا! الدواجن المستوردة فيها هرمونات تسبب التخنيث,0,0,0,0,0,0,0,0,0,1
ثبت إن التمر يخفض السكر بدم مريض السكري تلقائياً,0,0,0,0,0,0,0,0,0,1
تحذير عاجل: رح يتوقف صرف المساعدات الإنسانية غداً,0,0,0,0,0,0,0,0,0,1
خبر مؤكد: مسؤول كبير اعترف بوجود تلاعب بانتخابات سرياً,0,0,0,0,0,0,0,0,0,1
اكتشفوا إن الزيتون الأسود بيسمم الكبد عند الاستخدام اليومي,0,0,0,0,0,0,0,0,0,1
انتبهوا! رح يصير انقلاب عسكري بسوريا خلال 48 ساعة,0,0,0,0,0,0,0,0,0,1
كيفك؟ وين عم تكون هلق؟,0,0,0,0,0,0,0,0,0,0
رح وصلك الطلب بكرا الصبح إن شاء الله,0,0,0,0,0,0,0,0,0,0
الاجتماع الساعة 3 عند المدير، لا تتأخر,0,0,0,0,0,0,0,0,0,0
ممكن تجيب معك خبز لما ترجع؟,0,0,0,0,0,0,0,0,0,0
تمام، شفت الرسالة، رح كون هناك,0,0,0,0,0,0,0,0,0,0
عيد ميلاد سعيد! كل عام وأنت بخير,0,0,0,0,0,0,0,0,0,0
الدوام اليوم من الساعة 8 للساعة 4,0,0,0,0,0,0,0,0,0,0
وين حطيت مفاتيح السيارة؟,0,0,0,0,0,0,0,0,0,0
الأكل جاهز لما تجي,0,0,0,0,0,0,0,0,0,0
تمام استلمت، شكراً كتير,0,0,0,0,0,0,0,0,0,0
رح نتأخر شوي، ابدؤوا بدوننا,0,0,0,0,0,0,0,0,0,0
هل حجزت الفندق؟ محتاج التفاصيل,0,0,0,0,0,0,0,0,0,0
الطقس اليوم حلو، فكرة نطلع نتمشى؟,0,0,0,0,0,0,0,0,0,0
باجتماع الساعة 2، حضور إلزامي,0,0,0,0,0,0,0,0,0,0
صار معي حادث بسيط بالسيارة، كلنا بخير,0,0,0,0,0,0,0,0,0,0
"الحساب الشهري: 45,000 ليرة",0,0,0,0,0,0,0,0,0,0
تذاكر الرحلة وصلت على الإيميل,0,0,0,0,0,0,0,0,0,0
مبروك التخرج! فخورين فيك,0,0,0,0,0,0,0,0,0,0
الإنترنت عم يقطع عندك؟ عندنا نفس المشكلة,0,0,0,0,0,0,0,0,0,0
رح اشتري الدواء من الصيدلية هلق,0,0,0,0,0,0,0,0,0,0
الولد وصل المدرسة بخير,0,0,0,0,0,0,0,0,0,0
موعد الطبيب الأربعاء الساعة 11,0,0,0,0,0,0,0,0,0,0
ممكن تحكيلي وين صيدلية قريبة؟,0,0,0,0,0,0,0,0,0,0
الكهرباء قطعت عندكم؟,0,0,0,0,0,0,0,0,0,0
تمام، شفنا الفيلم وكان حلو كتير,0,0,0,0,0,0,0,0,0,0
رح يكون في دوام غداً؟,0,0,0,0,0,0,0,0,0,0
الباص تأخر ساعة كاملة اليوم,0,0,0,0,0,0,0,0,0,0
ممكن تبعتلي رقم الطبيب؟,0,0,0,0,0,0,0,0,0,0
صور الرحلة وصلوني، شكراً,0,0,0,0,0,0,0,0,0,0
الصف بكرا من الساعة 9 للساعة 12,0,0,0,0,0,0,0,0,0,0
تمام، الاتفاق صار,0,0,0,0,0,0,0,0,0,0
مرحبا، كيف أقدر أساعدك؟,0,0,0,0,0,0,0,0,0,0
رح يكون في اجتماع غداً الساعة 10,0,0,0,0,0,0,0,0,0,0
الراتب تحول على الحساب,0,0,0,0,0,0,0,0,0,0
شكراً على مساعدتك امبارح,0,0,0,0,0,0,0,0,0,0
وصلت على مشارف المدينة,0,0,0,0,0,0,0,0,0,0
ممكن تنتظرني 10 دقائق؟,0,0,0,0,0,0,0,0,0,0
العرض التقديمي جاهز,0,0,0,0,0,0,0,0,0,0
تمام فهمت، رح أتصرف,0,0,0,0,0,0,0,0,0,0
الجلسة القادمة الخميس,0,0,0,0,0,0,0,0,0,0
كل شي ماشي تمام، لا تقلق,0,0,0,0,0,0,0,0,0,0
اشتريت الهدية، شو رأيك؟,0,0,0,0,0,0,0,0,0,0
موعد التسليم الأحد القادم,0,0,0,0,0,0,0,0,0,0
الطلب وصلك؟,0,0,0,0,0,0,0,0,0,0
الفاتورة مدفوعة,0,0,0,0,0,0,0,0,0,0
رح أكون عندك بعد ربع ساعة,0,0,0,0,0,0,0,0,0,0
أنا في الطريق,0,0,0,0,0,0,0,0,0,0
تمام، شفت التقرير,0,0,0,0,0,0,0,0,0,0
وين مكتب الاستعلامات؟,0,0,0,0,0,0,0,0,0,0
رح يكون في دوام بكرا؟,0,0,0,0,0,0,0,0,0,0
